customer_id,first_name,last_name,email,gender,ip_address,city,country,address
1,Virginia,Nelson,vnelson0@discuz.net,Female,7.74.73.27,Indianapolis,United States,7188 Acker Avenue
2,Elizabeth,Larson,elarson1@bandcamp.com,Female,17.67.220.203,Murmansk,Russia,24855 Oakridge Way
3,Ronald,Gonzalez,rgonzalez2@livejournal.com,Male,144.64.99.234,Novomoskovsk,Russia,87 Ramsey Park
4,Lillian,Harper,lharper3@163.com,Female,37.162.1.90,Seattle,United States,5 Johnson Plaza
5,Lois,Evans,levans4@123-reg.co.uk,Female,7.111.3.149,Mikhaylovsk,Russia,5 Miller Alley
6,Albert,Porter,aporter5@sbwire.com,Male,223.232.8.60,Jackson,United States,6 Hanover Parkway
7,Elizabeth,Mills,emills6@businessweek.com,Female,53.205.204.130,Aromashevo,Russia,06247 Duke Trail
8,John,Lynch,jlynch7@php.net,Male,103.123.185.221,Aylmer,Canada,591 Cardinal Street
9,Gloria,Fields,gfields8@hatena.ne.jp,Female,14.240.143.223,Elmira,United States,3632 Armistice Lane
10,Ronald,Gonzalez,rgonzalez9@infoseek.co.jp,Male,212.141.157.80,Nevers,France,062 Katie Crossing
11,Dennis,Jacobs,djacobsa@youtube.com,Male,103.213.222.79,Egvekinot,Russia,45483 Shoshone Center
12,Albert,Andrews,aandrewsb@miibeian.gov.cn,Male,129.185.49.43,Meylan,France,738 Thackeray Junction
13,Evelyn,White,ewhitec@diigo.com,Female,225.159.221.54,Semiluki,Russia,94 Erie Hill
14,Kathryn,Howard,khowardd@army.mil,Female,93.219.161.56,Quimperlé,France,24 Raven Circle
15,Louis,West,lweste@wunderground.com,Male,141.247.230.232,Salerno,Italy,949 Rusk Place
16,Carol,West,cwestf@bloglovin.com,Female,152.196.169.8,Beauharnois,Canada,14 Express Parkway
17,Nicholas,Dunn,ndunng@quantcast.com,Male,84.220.34.67,Laxou,France,10 Dennis Street
18,Lillian,Elliott,lelliotth@yelp.com,Female,185.40.139.128,Cergy-Pontoise,France,11604 Old Gate Parkway
19,Rebecca,Hudson,rhudsoni@archive.org,Female,181.205.243.122,Sherwood Park,Canada,01926 Melvin Court
20,Kimberly,Ellis,kellisj@uiuc.edu,Female,215.66.1.34,Challans,France,32374 Stuart Pass
21,Victor,Gutierrez,vgutierrezk@timesonline.co.uk,Male,63.254.22.81,Grand Rapids,United States,21 Lake View Road
22,Roger,Bryant,rbryantl@over-blog.com,Male,142.139.102.63,Roza,Russia,4574 Barby Park
23,Bobby,Bryant,bbryantm@economist.com,Male,146.221.125.14,Povarovo,Russia,4 Arkansas Alley
24,Roy,Daniels,rdanielsn@twitpic.com,Male,204.167.80.217,La Rochelle,France,14 Debra Center
25,Chris,Bowman,cbowmano@apache.org,Male,152.160.114.129,Tours,France,2 Del Sol Street
26,Antonio,Richardson,arichardsonp@imgur.com,Male,221.84.135.46,Windsor,Canada,2 Pleasure Park
27,Gerald,Jones,gjonesq@sfgate.com,Male,205.186.194.113,Houston,United States,99 Evergreen Terrace
28,Margaret,Dunn,mdunnr@google.com.au,Female,49.226.216.34,Washington,United States,806 Oriole Junction
29,Kathleen,Castillo,kcastillos@bloglovin.com,Female,39.166.209.165,Bollène,France,9925 Bartillon Lane
30,Elizabeth,Stone,estonet@dailymotion.com,Female,204.3.87.238,Mont-Laurier,Canada,35 Hanover Pass
31,Johnny,Gray,jgrayu@bbb.org,Male,1.71.99.129,Chicago,United States,18355 Grim Terrace
32,Janice,Hawkins,jhawkinsv@lycos.com,Female,136.192.89.217,Dolgoprudnyy,Russia,96 Loomis Place
33,Russell,Chapman,rchapmanw@sitemeter.com,Male,136.148.31.37,Lancaster,United States,281 Talisman Avenue
34,Joan,Robinson,jrobinsonx@fc2.com,Female,33.70.245.235,Zapolyarnyy,Russia,35681 Hayes Point
35,Brandon,Mcdonald,bmcdonaldy@upenn.edu,Male,109.142.158.77,Mulhouse,France,04 Armistice Hill
36,Donna,Oliver,doliverz@skyrock.com,Female,195.136.201.21,Rennes,France,001 David Hill
37,Alice,Phillips,aphillips10@stumbleupon.com,Female,12.94.87.123,Nakhabino,Russia,262 Esch Trail
38,Timothy,Carr,tcarr11@mac.com,Male,58.209.181.4,Ordynskoye,Russia,7 Garrison Trail
39,Ruth,Gray,rgray12@webnode.com,Female,107.131.2.101,Besançon,France,33529 Holy Cross Way
40,Walter,Ford,wford13@t.co,Male,201.189.148.181,Chaplygin,Russia,72 Daystar Avenue
41,Ashley,Hicks,ahicks14@imgur.com,Female,168.247.203.63,Le Havre,France,6400 Bobwhite Road
42,Debra,Brown,dbrown15@purevolume.com,Female,130.55.48.237,Niny,Russia,16506 Banding Way
43,Justin,Torres,jtorres16@comsenz.com,Male,12.237.237.86,Strel'na,Russia,97873 Kropf Parkway
44,Roy,Harvey,rharvey17@theguardian.com,Male,166.85.32.64,Millerovo,Russia,42363 Moland Court
45,Joshua,Morales,jmorales18@miibeian.gov.cn,Male,82.215.240.238,San Jose,United States,60 Declaration Point
46,Ralph,Reynolds,rreynolds19@omniture.com,Male,219.58.163.85,Montpellier,France,65 Golf Course Alley
47,Victor,Taylor,vtaylor1a@smh.com.au,Male,66.86.83.108,Koygorodok,Russia,2 Raven Trail
48,Patricia,Howell,phowell1b@nba.com,Female,186.153.4.112,Roma,Italy,31 Lotheville Alley
49,Alice,Clark,aclark1c@yelp.com,Female,236.205.254.110,Nizhnepavlovka,Russia,33 Knutson Crossing
50,Marilyn,Elliott,melliott1d@nymag.com,Female,255.236.240.47,Grenoble,France,7 Jenifer Park
51,Benjamin,Garza,bgarza1e@51.la,Male,120.141.71.192,Lexington,United States,81439 Killdeer Avenue
52,Helen,Dean,hdean1f@privacy.gov.au,Female,16.127.47.245,Harrisburg,United States,6139 Warrior Street
53,Scott,Lee,slee1g@businesswire.com,Male,45.250.173.186,Perm,Russia,614 Myrtle Center
54,Mary,Payne,mpayne1h@telegraph.co.uk,Female,96.243.87.81,Kurumoch,Russia,660 Maywood Drive
55,Steven,Henry,shenry1i@is.gd,Male,122.168.227.15,Lukhovka,Russia,1285 Dovetail Plaza
56,Samuel,Holmes,sholmes1j@berkeley.edu,Male,40.99.187.159,Gif-sur-Yvette,France,5 Tennessee Parkway
57,Katherine,Rogers,krogers1k@technorati.com,Female,72.46.149.167,Buy,Russia,1827 Reindahl Center
58,Billy,Reed,breed1l@vinaora.com,Male,191.75.121.132,Béziers,France,37975 Alpine Drive
59,Craig,Frazier,cfrazier1m@behance.net,Male,170.155.57.216,Lyubim,Russia,5542 Corry Park
60,Ruby,Porter,rporter1n@tripadvisor.com,Female,219.221.237.114,Karabudakhkent,Russia,9245 Dexter Junction
61,Jennifer,Alvarez,jalvarez1o@latimes.com,Female,123.80.246.222,Sochi,Russia,98209 Moulton Terrace
62,Christine,Brown,cbrown1p@scribd.com,Female,66.120.236.176,Korobitsyno,Russia,8 Granby Parkway
63,Jessica,Hanson,jhanson1q@wordpress.org,Female,33.84.108.71,Limeil-Brévannes,France,2832 Pennsylvania Parkway
64,Norma,Ortiz,nortiz1r@sourceforge.net,Female,3.236.106.199,Chennevières-sur-Marne,France,22693 Rigney Parkway
65,Christine,Hudson,chudson1s@cam.ac.uk,Female,252.16.31.253,Sydney,Australia,50 5th Way
66,Denise,Snyder,dsnyder1t@noaa.gov,Female,151.249.97.197,Katyr-Yurt,Russia,27157 Ramsey Circle
67,Phillip,Webb,pwebb1u@phpbb.com,Male,68.161.213.194,Altuf’yevskiy,Russia,558 Ruskin Park
68,Laura,Johnston,ljohnston1v@discovery.com,Female,154.105.230.80,Aix-les-Bains,France,1699 Pankratz Drive
69,Gerald,Carroll,gcarroll1w@cnet.com,Male,206.13.90.19,Nartkala,Russia,99034 Swallow Road
70,Joe,Kelley,jkelley1x@ucsd.edu,Male,216.158.248.39,Bromont,Canada,3457 Continental Place
71,Anthony,Sanchez,asanchez1y@cpanel.net,Male,74.31.242.130,Moret-sur-Loing,France,99454 Knutson Hill
72,Billy,Sims,bsims1z@jigsy.com,Male,124.179.164.195,Mochishche,Russia,247 Corry Lane
73,Steve,Mcdonald,smcdonald20@cdbaby.com,Male,252.69.124.126,Tyler,United States,3019 6th Terrace
74,Lisa,Ellis,lellis21@4shared.com,Female,22.62.235.244,Kholmsk,Russia,400 Dorton Hill
75,Scott,Wilson,swilson22@webs.com,Male,46.160.0.216,Mobile,United States,1 Lake View Place
76,Jean,Lawrence,jlawrence23@dmoz.org,Female,99.178.210.150,Grebnevo,Russia,9 Nancy Avenue
77,Joe,Weaver,jweaver24@yahoo.co.jp,Male,7.6.17.20,Il’ka,Russia,5 Barnett Plaza
78,Jeffrey,Wood,jwood25@blogger.com,Male,101.221.55.87,Paris 15,France,6147 Bluejay Court
79,Diana,Watkins,dwatkins26@freewebs.com,Female,32.148.215.56,Spirit River,Canada,8344 Clove Drive
80,Nicole,Bennett,nbennett27@opensource.org,Female,171.193.226.42,Mnogoudobnoye,Russia,1203 Fairfield Terrace
81,Judith,Freeman,jfreeman28@businesswire.com,Female,186.251.239.146,Ladner,Canada,6037 Fair Oaks Lane
82,Denise,Berry,dberry29@macromedia.com,Female,86.57.199.215,Washington,United States,58 Pearson Park
83,Patrick,Dixon,pdixon2a@mediafire.com,Male,85.125.107.23,Rutul,Russia,3 Judy Road
84,Robin,Bryant,rbryant2b@rakuten.co.jp,Female,158.111.166.40,Pouzauges,France,89731 Rockefeller Drive
85,Brenda,Ellis,bellis2c@apple.com,Female,134.172.108.114,Meylan,France,506 Loftsgordon Crossing
86,Billy,Armstrong,barmstrong2d@baidu.com,Male,177.234.162.215,Atikokan,Canada,30 Tennyson Drive
87,Tina,Lawson,tlawson2e@comcast.net,Female,215.229.27.206,Amarillo,United States,0574 Summerview Avenue
88,Janet,Stanley,jstanley2f@deviantart.com,Female,176.100.58.128,Kamsack,Canada,8106 Heath Park
89,Ann,Bishop,abishop2g@tmall.com,Female,255.197.187.96,Verkhoshizhem’ye,Russia,8 Westridge Park
90,Lori,Carroll,lcarroll2h@ibm.com,Female,13.90.216.19,Fort Lauderdale,United States,481 Lerdahl Way
91,Harold,Stephens,hstephens2i@about.com,Male,197.151.43.140,Fosses,France,26626 Rusk Parkway
92,Doris,Fernandez,dfernandez2j@homestead.com,Female,84.52.29.222,Carson City,United States,39330 Lighthouse Bay Drive
93,Cheryl,Morrison,cmorrison2k@twitpic.com,Female,195.122.83.166,Saint-Laurent-du-Var,France,07388 Becker Court
94,Carlos,Lawson,clawson2l@disqus.com,Male,253.51.49.216,Ottawa,Canada,051 Crownhardt Trail
95,Beverly,Scott,bscott2m@cmu.edu,Female,84.75.222.220,Shimorskoye,Russia,509 David Pass
96,Edward,Payne,epayne2n@techcrunch.com,Male,254.172.247.22,Mikhaylov,Russia,4268 Almo Alley
97,Brenda,Morgan,bmorgan2o@amazon.co.jp,Female,126.108.60.243,Elista,Russia,597 Butterfield Avenue
98,Joshua,Robinson,jrobinson2p@addthis.com,Male,95.65.170.19,Asheville,United States,6 Mitchell Way
99,Victor,Morris,vmorris2q@github.io,Male,240.47.91.251,Des Moines,United States,50 Brown Junction
100,Craig,Howell,chowell2r@cnn.com,Male,114.207.118.181,Ladushkin,Russia,52825 Debra Terrace
101,Carol,Elliott,celliott2s@usnews.com,Female,199.171.3.81,Lleida,Spain,55251 Calypso Court
102,Jessica,Barnes,jbarnes2t@quantcast.com,Female,71.154.104.66,Avallon,France,90 Hovde Center
103,Joseph,Montgomery,jmontgomery2u@imdb.com,Male,219.137.7.91,Il’skiy,Russia,9 Everett Avenue
104,Carolyn,Hunter,chunter2v@ameblo.jp,Female,73.218.138.254,Largo,United States,1 Fairfield Way
105,Sandra,Garrett,sgarrett2w@google.co.jp,Female,197.192.154.233,Irtyshskiy,Russia,53233 Golf Pass
106,Terry,Hernandez,thernandez2x@so-net.ne.jp,Male,163.7.169.193,New York City,United States,54413 Lighthouse Bay Way
107,Fred,Morales,fmorales2y@godaddy.com,Male,195.151.28.199,Ozëry,Russia,08756 Homewood Court
108,Jesse,Hernandez,jhernandez2z@usda.gov,Male,244.237.185.142,Los Angeles,United States,58476 Anderson Drive
109,Eugene,Rose,erose30@elpais.com,Male,110.20.248.0,Yemva,Russia,4159 Del Mar Plaza
110,Barbara,Brown,bbrown31@state.gov,Female,74.148.49.71,Kotlas,Russia,4657 Welch Parkway
111,Benjamin,George,bgeorge32@unblog.fr,Male,175.43.157.99,Kansas City,United States,68596 Fairfield Road
112,Maria,Oliver,moliver33@virginia.edu,Female,232.125.230.120,Lechinkay,Russia,7 Toban Hill
113,Deborah,Ortiz,dortiz34@umich.edu,Female,209.164.240.162,Saryg-Sep,Russia,4 Becker Trail
114,Carl,Stevens,cstevens35@unesco.org,Male,117.56.91.77,Aurora,United States,47003 Autumn Leaf Avenue
115,Debra,Ortiz,dortiz36@elpais.com,Female,87.16.229.79,Raymond,Canada,8419 Claremont Way
116,Cheryl,Little,clittle37@ucoz.ru,Female,175.218.32.33,Aubenas,France,81 Atwood Lane
117,Sarah,Moore,smoore38@chronoengine.com,Female,194.166.1.129,Lansing,United States,128 Fulton Avenue
118,Henry,Peterson,hpeterson39@webnode.com,Male,62.19.139.84,Kelowna,Canada,45151 Carioca Crossing
119,Sarah,Reyes,sreyes3a@gizmodo.com,Female,227.48.202.104,Bolkhov,Russia,6486 Arizona Junction
120,Dennis,Anderson,danderson3b@artisteer.com,Male,250.112.189.225,Eaubonne,France,0900 Mifflin Terrace
121,Shawn,Fields,sfields3c@photobucket.com,Male,150.133.175.199,Kizhinga,Russia,150 Farragut Circle
122,Shawn,Knight,sknight3d@yahoo.com,Male,197.138.236.140,Pincher Creek,Canada,2551 Kim Point
123,Paul,Simpson,psimpson3e@usatoday.com,Male,58.3.227.68,Kobrinskoye,Russia,4355 Hovde Lane
124,Scott,Wells,swells3f@dmoz.org,Male,162.136.143.144,Cahors,France,67 Hoard Court
125,Phyllis,Tucker,ptucker3g@addtoany.com,Female,205.207.113.27,Angers,France,81648 North Center
126,Emily,Jones,ejones3h@weibo.com,Female,8.210.165.194,Montargis,France,76841 Kropf Plaza
127,Donald,Hudson,dhudson3i@dagondesign.com,Male,156.70.191.162,Troparëvo,Russia,0 Pine View Lane
128,Aaron,Ramos,aramos3j@cbsnews.com,Male,177.184.91.43,Alpatovo,Russia,0 Clarendon Lane
129,Ann,Jacobs,ajacobs3k@loc.gov,Female,195.3.213.119,Troitskiy,Russia,8223 Sullivan Terrace
130,Jane,Bennett,jbennett3l@issuu.com,Female,88.156.120.130,Pankrushikha,Russia,6 Rieder Circle
131,Anna,Jackson,ajackson3m@nhs.uk,Female,122.215.28.234,Borovskiy,Russia,15 Clyde Gallagher Street
132,Diana,Rodriguez,drodriguez3n@wikimedia.org,Female,229.94.176.119,Gornyy,Russia,57 Victoria Street
133,Barbara,Wright,bwright3o@squarespace.com,Female,197.246.31.193,Pavlovskaya,Russia,2 Acker Street
134,Susan,Sims,ssims3p@yandex.ru,Female,150.233.87.228,Tevriz,Russia,4 Lillian Park
135,Lawrence,Simpson,lsimpson3q@bloomberg.com,Male,191.76.233.92,Saint-Quentin,France,0 Jenna Street
136,Keith,Harris,kharris3r@youku.com,Male,146.233.29.166,Fort Lauderdale,United States,52938 Crownhardt Trail
137,Lawrence,Wells,lwells3s@ycombinator.com,Male,80.146.118.163,Nizhnevartovsk,Russia,99177 Susan Plaza
138,Willie,Bishop,wbishop3t@skype.com,Male,239.251.91.22,Braunschweig,Germany,6 Atwood Court
139,Daniel,Cole,dcole3u@senate.gov,Male,9.69.0.168,Lukhovka,Russia,7 Claremont Circle
140,Kathleen,Bryant,kbryant3v@plala.or.jp,Female,70.22.214.12,White Rock,Canada,69 Autumn Leaf Hill
141,Helen,Moreno,hmoreno3w@qq.com,Female,116.185.65.161,Velikiye Luki,Russia,00858 School Trail
142,Tammy,Davis,tdavis3x@merriam-webster.com,Female,174.1.218.212,Mount Pearl,Canada,8 Dottie Park
143,Clarence,Woods,cwoods3y@java.com,Male,122.81.49.106,Baie-D'Urfé,Canada,7 Monica Way
144,Martin,Medina,mmedina3z@blogs.com,Male,133.158.131.74,Rudnya,Russia,0245 Johnson Pass
145,Beverly,Willis,bwillis40@ted.com,Female,62.205.32.85,Washington,United States,406 American Ash Pass
146,Gloria,Anderson,ganderson41@topsy.com,Female,188.223.83.164,Autun,France,5 Holy Cross Center
147,Katherine,Wells,kwells42@i2i.jp,Female,171.14.65.141,Shaami-Yurt,Russia,94 Kropf Drive
148,Michelle,Williamson,mwilliamson43@bluehost.com,Female,163.222.101.119,Onguday,Russia,62 Delladonna Terrace
149,Benjamin,Larson,blarson44@dion.ne.jp,Male,120.16.153.238,Kostino,Russia,05734 Orin Circle
150,Joshua,Ramos,jramos45@barnesandnoble.com,Male,145.178.201.245,Valuyki,Russia,16412 5th Drive
151,Shawn,Allen,sallen46@sina.com.cn,Male,115.112.175.12,Cartagena,Spain,89 Rowland Alley
152,Jane,Foster,jfoster47@mlb.com,Female,70.87.56.91,Ternovka,Russia,3 Crest Line Trail
153,Nicholas,Ross,nross48@g.co,Male,26.177.224.237,Saransk,Russia,2712 Pepper Wood Avenue
154,Emily,Ortiz,eortiz49@t-online.de,Female,57.72.222.96,Montauban,France,53469 Gale Avenue
155,Sara,Washington,swashington4a@freewebs.com,Female,36.88.43.45,Turki,Russia,75812 Service Plaza
156,Paula,Hamilton,phamilton4b@time.com,Female,67.46.105.124,Kireyevsk,Russia,6809 Merry Lane
157,Nancy,Gray,ngray4c@topsy.com,Female,68.110.116.133,Podosinovets,Russia,98773 Paget Road
158,Christina,Schmidt,cschmidt4d@storify.com,Female,219.1.199.234,Lille,France,9159 Wayridge Point
159,Alice,Mitchell,amitchell4e@state.tx.us,Female,219.166.128.96,La Garenne-Colombes,France,1 Melrose Parkway
160,Harold,Payne,hpayne4f@networksolutions.com,Male,240.96.59.90,Dubovka,Russia,08 Charing Cross Pass
161,Ryan,Robertson,rrobertson4g@upenn.edu,Male,102.72.138.111,Bol’shoy Karay,Russia,80420 Crest Line Hill
162,Jeremy,Baker,jbaker4h@sciencedirect.com,Male,254.160.150.173,Kirkland Lake,Canada,02 Parkside Place
163,Andrea,Romero,aromero4i@army.mil,Female,40.227.92.139,South Bend,United States,80 Brickson Park Point
164,Jesse,Ward,jward4j@51.la,Male,105.190.180.12,Belyayevka,Russia,238 Moulton Center
165,Frank,Chavez,fchavez4k@msn.com,Male,91.57.219.255,Saint-Quentin-en-Yvelines,France,398 Straubel Point
166,Dennis,Ross,dross4l@wsj.com,Male,82.189.31.134,Jackson,United States,4 American Ash Place
167,Gerald,Hall,ghall4m@jigsy.com,Male,78.52.4.85,Privolzhskiy,Russia,66823 Lakewood Way
168,Bonnie,Duncan,bduncan4n@sina.com.cn,Female,202.199.154.94,Nyrob,Russia,246 Colorado Point
169,Evelyn,Bennett,ebennett4o@hatena.ne.jp,Female,69.192.234.214,Usogorsk,Russia,99 Lerdahl Park
170,Susan,Kennedy,skennedy4p@webeden.co.uk,Female,59.25.69.44,Pinega,Russia,0910 Summer Ridge Plaza
171,Laura,Taylor,ltaylor4q@bbb.org,Female,88.173.174.209,Saint-Germain-en-Laye,France,916 Alpine Pass
172,Janet,Perkins,jperkins4r@opensource.org,Female,90.46.128.23,Wiesbaden,Germany,963 Lighthouse Bay Court
173,Dorothy,Gomez,dgomez4s@exblog.jp,Female,143.6.32.100,Dunkerque,France,93 Burrows Alley
174,Paul,Reynolds,preynolds4t@e-recht24.de,Male,127.5.40.67,Rennes,France,4 Eggendart Parkway
175,Elizabeth,Garza,egarza4u@reuters.com,Female,158.68.208.127,Alicante/Alacant,Spain,2670 Debra Park
176,Amanda,Bennett,abennett4v@tuttocitta.it,Female,102.135.36.116,Borogontsy,Russia,59266 Hauk Street
177,Brandon,Stanley,bstanley4w@boston.com,Male,56.209.193.108,Kudinovo,Russia,5 Ryan Crossing
178,Walter,Stone,wstone4x@who.int,Male,205.218.190.106,Jackson,United States,118 Spohn Trail
179,Frank,Alexander,falexander4y@github.io,Male,180.170.78.212,Colombes,France,09344 Muir Alley
180,Robert,Stevens,rstevens4z@gnu.org,Male,194.76.104.84,Nice,France,2045 Superior Junction
181,Janet,Lee,jlee50@webnode.com,Female,73.254.139.149,Burla,Russia,694 Ridge Oak Junction
182,Kathy,Nichols,knichols51@baidu.com,Female,224.251.176.64,Telde,Spain,7 Menomonie Street
183,Joyce,Dixon,jdixon52@unblog.fr,Female,23.122.121.116,Halle,Germany,1402 Messerschmidt Avenue
184,Jane,Hart,jhart53@yale.edu,Female,9.94.192.248,Tyoply Stan,Russia,58 Washington Terrace
185,Bobby,Lee,blee54@yahoo.co.jp,Male,205.108.247.224,Lyudinovo,Russia,461 Nancy Lane
186,Rose,Duncan,rduncan55@nymag.com,Female,60.10.205.172,Shumikha,Russia,5065 Monica Point
187,Michael,Williams,mwilliams56@cargocollective.com,Male,159.147.226.216,Wilkes Barre,United States,6 Service Alley
188,Marilyn,Garcia,mgarcia57@loc.gov,Female,26.62.44.180,Wilkes Barre,United States,25 Sunfield Avenue
189,Peter,Kennedy,pkennedy58@accuweather.com,Male,236.208.11.127,Quimper,France,03459 Mendota Street
190,Douglas,Watkins,dwatkins59@vimeo.com,Male,148.49.183.129,Nema,Russia,65754 Jana Crossing
191,Kathleen,Burton,kburton5a@aboutads.info,Female,5.202.98.118,Yëlkino,Russia,83 Sugar Court
192,Douglas,Pierce,dpierce5b@1688.com,Male,246.224.1.245,Washington,United States,596 Everett Junction
193,Frances,Perry,fperry5c@theguardian.com,Female,133.29.194.202,Nantes,France,6763 Prairie Rose Street
194,Nicholas,Gonzalez,ngonzalez5d@mayoclinic.com,Male,2.183.20.229,Bordeaux,France,72443 Portage Street
195,Eric,Clark,eclark5e@washingtonpost.com,Male,10.79.117.143,Izmaylovo,Russia,3787 Bonner Street
196,Sarah,Burke,sburke5f@addthis.com,Female,157.6.54.159,Kurortnyy,Russia,3682 Trailsway Pass
197,Joyce,Torres,jtorres5g@google.com.hk,Female,194.16.185.14,Bondy,France,5743 Superior Pass
198,Christopher,Graham,cgraham5h@discuz.net,Male,55.174.252.224,Firovo,Russia,1416 Carpenter Plaza
199,Kenneth,Peterson,kpeterson5i@toplist.cz,Male,48.27.175.58,Chuguyevka,Russia,296 Merrick Alley
200,Sandra,Smith,ssmith5j@globo.com,Female,153.208.175.12,Paris 11,France,31 Johnson Hill
201,Henry,Ryan,hryan5k@yandex.ru,Male,2.85.160.135,Houston,United States,4724 Melody Junction
202,Lillian,Howell,lhowell5l@odnoklassniki.ru,Female,56.60.194.107,Teykovo,Russia,8007 Elka Hill
203,Gary,Stanley,gstanley5m@smh.com.au,Male,59.37.58.34,Bayonne,France,8 Fisk Avenue
204,Debra,Riley,driley5n@purevolume.com,Female,13.38.68.30,Derbent,Russia,4 Del Mar Way
205,Wanda,Flores,wflores5o@nationalgeographic.com,Female,127.22.164.251,Rochester,United States,33073 Havey Crossing
206,Chris,Hunter,chunter5p@usatoday.com,Male,220.138.106.216,Fréjus,France,4744 Spenser Parkway
207,Carol,Foster,cfoster5q@berkeley.edu,Female,113.79.170.86,Kuytun,Russia,8636 Grim Junction
208,Charles,James,cjames5r@senate.gov,Male,104.120.240.78,Cergy-Pontoise,France,6289 Gale Road
209,Fred,Palmer,fpalmer5s@webeden.co.uk,Male,65.122.69.49,Ulyanovsk,Russia,0 Clyde Gallagher Park
210,Robin,Black,rblack5t@alibaba.com,Female,162.39.34.231,Saint-Raymond,Canada,90167 Dahle Way
211,George,Hall,ghall5u@google.com.hk,Male,234.165.193.221,Igrim,Russia,022 Becker Crossing
212,Philip,Watson,pwatson5v@joomla.org,Male,8.146.107.198,West Palm Beach,United States,2421 Morrow Avenue
213,Jessica,Fields,jfields5w@ezinearticles.com,Female,43.141.254.248,Novyye Kuz’minki,Russia,76816 3rd Street
214,Dorothy,Richards,drichards5x@constantcontact.com,Female,29.113.20.233,Roissy Charles-de-Gaulle,France,3098 Bunker Hill Place
215,Albert,Reid,areid5y@wikia.com,Male,89.244.147.10,Toulon,France,5799 Maple Wood Drive
216,Cheryl,Lewis,clewis5z@amazonaws.com,Female,1.19.109.116,Nazran’,Russia,8 Charing Cross Circle
217,Steven,Knight,sknight60@parallels.com,Male,31.53.140.181,Shatura,Russia,4521 Coolidge Place
218,Ann,Martin,amartin61@wsj.com,Female,134.233.218.31,Kirovskiy,Russia,9114 Sutherland Hill
219,Kathy,Andrews,kandrews62@furl.net,Female,210.141.4.3,Garden Grove,United States,33898 Hoepker Trail
220,Bonnie,Bradley,bbradley63@independent.co.uk,Female,156.124.251.12,Northern Suburbs Mc,Australia,55 Ridgeway Street
221,Henry,Martin,hmartin64@a8.net,Male,59.21.209.27,Paris 15,France,1380 Sundown Avenue
222,John,Wright,jwright65@java.com,Male,141.25.122.230,Sokol’skoye,Russia,2 Miller Center
223,Gary,Ward,gward66@chron.com,Male,233.159.71.172,Kamenka,Russia,8 Village Green Road
224,Wanda,Harper,wharper67@ustream.tv,Female,137.219.139.49,Zhiryatino,Russia,068 Corben Circle
225,Timothy,Day,tday68@bbb.org,Male,211.199.95.141,Blagodatnoye,Russia,7213 Anhalt Court
226,Timothy,Welch,twelch69@deviantart.com,Male,158.137.74.246,Ufa,Russia,465 Del Sol Circle
227,Anne,Knight,aknight6a@desdev.cn,Female,109.254.195.55,Roshal’,Russia,22904 Dwight Hill
228,Louis,Hicks,lhicks6b@usnews.com,Male,44.205.223.187,Dijon,France,1048 West Plaza
229,Juan,Matthews,jmatthews6c@elpais.com,Male,219.135.115.219,Shalazhi,Russia,0 Grover Crossing
230,Louise,Howell,lhowell6d@zdnet.com,Female,210.55.50.237,Lyublino,Russia,1601 Johnson Drive
231,Sandra,Edwards,sedwards6e@pcworld.com,Female,153.136.110.72,Krivyanskaya,Russia,4329 Sunnyside Junction
232,Jose,Frazier,jfrazier6f@fda.gov,Male,9.19.61.255,Sochi,Russia,10079 Thierer Place
233,Louise,Jenkins,ljenkins6g@flavors.me,Female,214.125.113.176,Krasnokholmskiy,Russia,299 Waxwing Point
234,Christopher,George,cgeorge6h@constantcontact.com,Male,167.87.186.17,Macamic,Canada,41 Rowland Park
235,Jonathan,Myers,jmyers6i@marketwatch.com,Male,75.237.136.64,Trudovoye,Russia,45 Rutledge Circle
236,Harold,Austin,haustin6j@rediff.com,Male,203.152.102.32,Versailles,France,05 Lake View Hill
237,Bruce,Cruz,bcruz6k@wordpress.com,Male,91.241.95.84,Nakusp,Canada,0384 Red Cloud Parkway
238,Kathy,Perry,kperry6l@wufoo.com,Female,155.46.162.184,Alfortville,France,2395 American Pass
239,Lillian,Garcia,lgarcia6m@uol.com.br,Female,103.213.218.3,Adelaide Mail Centre,Australia,252 Garrison Terrace
240,Jerry,Walker,jwalker6n@wikispaces.com,Male,237.191.184.47,Roanoke,United States,290 Golf Hill
241,Fred,Garza,fgarza6o@ezinearticles.com,Male,159.105.52.103,La Rochelle,France,80 Forest Junction
242,Rose,Ramirez,rramirez6p@example.com,Female,250.110.3.94,High Point,United States,47281 Springs Road
243,Ruby,Johnston,rjohnston6q@ox.ac.uk,Female,212.200.142.183,Maksatikha,Russia,56 Petterle Hill
244,Kenneth,Fowler,kfowler6r@ted.com,Male,3.166.114.162,Katy,United States,99 East Pass
245,Aaron,Wallace,awallace6s@sciencedirect.com,Male,49.65.9.77,Sudogda,Russia,5 Macpherson Circle
246,Bobby,Rice,brice6t@google.nl,Male,56.213.4.119,Val-de-Reuil,France,9813 Hanson Terrace
247,Brian,Fisher,bfisher6u@pen.io,Male,69.198.43.26,Krechevitsy,Russia,66 Iowa Lane
248,Lawrence,Hill,lhill6v@angelfire.com,Male,26.204.132.166,Piterka,Russia,9648 Green Ridge Terrace
249,Jesse,Gordon,jgordon6w@thetimes.co.uk,Male,131.24.250.252,Kostino,Russia,0152 East Point
250,Eric,Martin,emartin6x@google.com.au,Male,114.107.254.157,Zhulebino,Russia,275 Eggendart Pass
251,Eric,Turner,eturner6y@google.co.jp,Male,134.51.221.228,Sayansk,Russia,98 Main Pass
252,Justin,Franklin,jfranklin6z@ow.ly,Male,119.251.198.186,New Westminster,Canada,04158 Hayes Avenue
253,Roger,West,rwest70@loc.gov,Male,104.86.110.234,Carleton-sur-Mer,Canada,8436 Buhler Court
254,Mildred,Murray,mmurray71@unicef.org,Female,109.171.10.201,Rennes,France,34 Fremont Lane
255,Louis,Dixon,ldixon72@china.com.cn,Male,153.244.169.198,Leipzig,Germany,935 Westerfield Circle
256,Phyllis,Peters,ppeters73@ocn.ne.jp,Female,218.251.81.60,Novosin’kovo,Russia,554 Artisan Way
257,Brian,Lynch,blynch74@geocities.com,Male,209.34.49.93,Stuttgart,Germany,138 Dorton Crossing
258,Henry,Hicks,hhicks75@wordpress.com,Male,123.42.158.98,Lakhdenpokh’ya,Russia,6862 Farwell Way
259,Lillian,Hall,lhall76@cargocollective.com,Female,196.15.98.231,Medvedovskaya,Russia,5048 Elka Center
260,Pamela,Lawrence,plawrence77@about.me,Female,52.32.253.112,Courtaboeuf,France,132 Esch Junction
261,Brian,Anderson,banderson78@scientificamerican.com,Male,163.57.172.240,Tucson,United States,9729 Cottonwood Trail
262,Kimberly,Foster,kfoster79@hp.com,Female,93.34.205.113,Beloye,Russia,99430 Russell Center
263,Daniel,Jones,djones7a@360.cn,Male,78.229.142.40,Rasskazovo,Russia,844 Mallard Court
264,Sean,Rivera,srivera7b@studiopress.com,Male,26.24.110.77,Shuvakish,Russia,50869 Brentwood Trail
265,Andrew,Johnson,ajohnson7c@networksolutions.com,Male,252.40.29.93,Crépy-en-Valois,France,0 Bunker Hill Place
266,Jerry,Clark,jclark7d@nba.com,Male,103.188.157.237,Khasavyurt,Russia,32 Karstens Place
267,Linda,Grant,lgrant7e@foxnews.com,Female,123.201.71.251,Novoalekseyevskaya,Russia,7729 Charing Cross Court
268,Linda,Lawson,llawson7f@fotki.com,Female,118.134.33.149,Sant Cugat Del Valles,Spain,3 Farmco Pass
269,Aaron,Alvarez,aalvarez7g@yolasite.com,Male,127.22.175.58,Kultuk,Russia,5770 Holmberg Pass
270,Angela,Parker,aparker7h@wordpress.org,Female,121.23.203.181,Castellon De La Plana/Castello De La Pla,Spain,29 Valley Edge Parkway
271,Karen,Foster,kfoster7i@examiner.com,Female,109.248.85.54,Valerik,Russia,68253 Mosinee Place
272,Jeffrey,Lawson,jlawson7j@ebay.co.uk,Male,9.41.92.30,Kvartsitnyy,Russia,7 Marquette Trail
273,Sean,Boyd,sboyd7k@cafepress.com,Male,2.183.112.110,Ocala,United States,6403 Rockefeller Terrace
274,Gary,George,ggeorge7l@shop-pro.jp,Male,108.42.247.125,Mozdok,Russia,2338 Grayhawk Way
275,Rose,Fuller,rfuller7m@freewebs.com,Female,81.41.243.59,Blagoveshchensk,Russia,60 School Avenue
276,Jerry,Mccoy,jmccoy7n@weebly.com,Male,169.27.112.170,Admiralteisky,Russia,9 Melody Point
277,Melissa,Harris,mharris7o@ibm.com,Female,125.247.99.72,Odintsovo,Russia,051 Dexter Junction
278,Bobby,Ruiz,bruiz7p@fc2.com,Male,255.148.12.42,Lyon,France,60635 Golf Place
279,Willie,Mitchell,wmitchell7q@artisteer.com,Male,213.179.22.113,Korsakovo,Russia,95697 Golden Leaf Drive
280,Kathy,Sullivan,ksullivan7r@webmd.com,Female,181.130.222.192,Rybatskoye,Russia,3233 Red Cloud Road
281,Martha,Wood,mwood7s@infoseek.co.jp,Female,14.150.42.23,Palma De Mallorca,Spain,398 Northfield Terrace
282,Benjamin,Green,bgreen7t@huffingtonpost.com,Male,244.91.45.123,Dzhalka,Russia,03 Schurz Junction
283,Lillian,Morris,lmorris7u@timesonline.co.uk,Female,214.212.128.194,Tikhoretsk,Russia,7 Stoughton Road
284,Heather,Rice,hrice7v@adobe.com,Female,50.70.17.78,Shchëkino,Russia,12 Cascade Court
285,Brian,Hanson,bhanson7w@walmart.com,Male,186.131.114.27,Omaha,United States,713 Autumn Leaf Alley
286,Jane,Harper,jharper7x@mashable.com,Female,118.69.16.196,Hénin-Beaumont,France,737 Nevada Circle
287,Maria,Cunningham,mcunningham7y@tinypic.com,Female,140.252.16.134,Leshukonskoye,Russia,209 Fuller Alley
288,Catherine,Arnold,carnold7z@virginia.edu,Female,178.47.160.71,Sydney,Australia,852 Summerview Road
289,Alice,Rodriguez,arodriguez80@about.me,Female,231.53.210.115,Donskoye,Russia,6 Pepper Wood Crossing
290,Ann,Williams,awilliams81@parallels.com,Female,37.219.43.25,Vanves,France,86936 Coleman Parkway
291,Amy,Crawford,acrawford82@redcross.org,Female,45.61.112.233,Myski,Russia,850 Surrey Avenue
292,Jason,Holmes,jholmes83@who.int,Male,252.76.95.74,Saint-Rémy-de-Provence,France,146 Shoshone Center
293,Joshua,Simpson,jsimpson84@github.com,Male,185.253.114.85,Krivyanskaya,Russia,0 Service Court
294,Keith,Morgan,kmorgan85@fotki.com,Male,6.237.18.190,Kayasula,Russia,6 Dayton Place
295,Samuel,Garcia,sgarcia86@dropbox.com,Male,60.57.88.215,Paris 19,France,6 Melody Plaza
296,Mary,Cruz,mcruz87@technorati.com,Female,177.235.244.113,Solikamsk,Russia,9735 Erie Way
297,Marilyn,Duncan,mduncan88@wordpress.org,Female,245.219.98.63,Norfolk,United States,8 Roxbury Pass
298,Ralph,Bailey,rbailey89@hhs.gov,Male,159.41.45.30,Paris 01,France,2339 Gulseth Center
299,Wanda,Foster,wfoster8a@google.cn,Female,254.202.77.167,Challans,France,342 Del Sol Crossing
300,Albert,Hart,ahart8b@businessinsider.com,Male,78.195.104.26,Severnyy,Russia,6825 Moland Trail
301,Pamela,Bennett,pbennett8c@blinklist.com,Female,79.118.104.55,Rassvet,Russia,468 Sunfield Place
302,Christopher,Adams,cadams8d@newyorker.com,Male,237.183.82.253,Волочаевское,Russia,408 Rowland Pass
303,Harry,Bradley,hbradley8e@ft.com,Male,135.17.59.49,Roma,Italy,21 Homewood Road
304,Judy,Elliott,jelliott8f@163.com,Female,75.250.93.111,Millet,Canada,2 Clarendon Trail
305,Linda,Jackson,ljackson8g@i2i.jp,Female,60.235.132.109,Largo,United States,565 Canary Junction
306,Ronald,Price,rprice8h@joomla.org,Male,240.233.96.111,Nantes,France,4417 Northland Parkway
307,Brandon,Mendoza,bmendoza8i@sogou.com,Male,70.38.38.30,Lagny-sur-Marne,France,913 Sunfield Court
308,Debra,Elliott,delliott8j@disqus.com,Female,167.219.61.44,Harbour Breton,Canada,3 Kinsman Junction
309,Daniel,Burke,dburke8k@fema.gov,Male,5.148.15.49,Mesyagutovo,Russia,04 Forest Dale Point
310,George,Morris,gmorris8l@elpais.com,Male,188.21.54.143,Dortmund,Germany,18230 Utah Avenue
311,Bonnie,Baker,bbaker8m@irs.gov,Female,138.79.126.73,Tambovka,Russia,75802 Nancy Way
312,Russell,Peterson,rpeterson8n@unblog.fr,Male,13.168.174.89,Bryansk,Russia,0719 Roth Center
313,Wayne,Cole,wcole8o@howstuffworks.com,Male,135.202.71.73,Sortavala,Russia,093 Manitowish Parkway
314,Kevin,Watkins,kwatkins8p@senate.gov,Male,109.254.238.66,Mayrtup,Russia,1 Fallview Avenue
315,Louis,Carter,lcarter8q@icq.com,Male,225.75.16.23,Novoanninskiy,Russia,903 Pepper Wood Avenue
316,Karen,Patterson,kpatterson8r@comsenz.com,Female,19.98.190.244,Bar-le-Duc,France,000 Kim Circle
317,Nicholas,Spencer,nspencer8s@google.ru,Male,50.147.178.38,Trenton,United States,0688 Rockefeller Plaza
318,Antonio,Green,agreen8t@1688.com,Male,204.74.59.149,Gentilly,France,0498 Beilfuss Alley
319,Terry,Collins,tcollins8u@ca.gov,Male,85.15.208.140,Palatine,United States,29 Cordelia Trail
320,Janice,Murphy,jmurphy8v@sourceforge.net,Female,23.194.4.89,Tambovka,Russia,8 Myrtle Park
321,Fred,Sanders,fsanders8w@domainmarket.com,Male,199.131.159.68,Rybnoye,Russia,505 Shasta Circle
322,Pamela,Evans,pevans8x@redcross.org,Female,37.166.8.67,Miatli,Russia,3516 Anzinger Place
323,Deborah,Carpenter,dcarpenter8y@virginia.edu,Female,45.39.137.95,Sydney,Australia,6 Dixon Crossing
324,Ernest,Carter,ecarter8z@discuz.net,Male,244.154.16.155,Mont-de-Marsan,France,438 Holmberg Park
325,Helen,Marshall,hmarshall90@narod.ru,Female,213.107.78.123,Divnoye,Russia,721 Fuller Center
326,Diana,Watkins,dwatkins91@ed.gov,Female,59.250.140.11,Detchino,Russia,4 Ridgeview Junction
327,Marie,Knight,mknight92@scribd.com,Female,70.87.247.232,Wolfville,Canada,34095 Alpine Crossing
328,Joyce,Chapman,jchapman93@cbc.ca,Female,54.100.176.182,Bykov,Russia,08 Farwell Terrace
329,Jack,Coleman,jcoleman94@geocities.com,Male,86.17.106.181,Saint-Germain-en-Laye,France,9764 Mandrake Place
330,Carlos,Ramirez,cramirez95@geocities.com,Male,58.18.167.166,Novouzensk,Russia,2 Comanche Drive
331,Tammy,Perry,tperry96@umn.edu,Female,232.119.6.136,Lavaltrie,Canada,8659 Brickson Park Circle
332,Gerald,Montgomery,gmontgomery97@dailymotion.com,Male,76.32.126.175,Oromocto,Canada,00 Crowley Circle
333,George,Porter,gporter98@shop-pro.jp,Male,201.66.7.249,El Paso,United States,8 Del Sol Place
334,Stephanie,Gomez,sgomez99@constantcontact.com,Female,144.32.253.157,Satis,Russia,01 Shopko Avenue
335,Roger,Wallace,rwallace9a@goo.ne.jp,Male,217.62.156.14,Maskinongé,Canada,478 Porter Avenue
336,Andrea,Garza,agarza9b@telegraph.co.uk,Female,221.72.2.239,Stony Plain,Canada,36565 Cottonwood Terrace
337,Louise,Mills,lmills9c@vk.com,Female,169.147.33.81,Ol’gino,Russia,4052 Atwood Junction
338,Frank,Greene,fgreene9d@vk.com,Male,44.64.94.237,Toulouse,France,6 Northland Drive
339,Steve,Bryant,sbryant9e@dailymotion.com,Male,201.169.89.182,Irbit,Russia,2068 Rusk Parkway
340,Phyllis,Rivera,privera9f@ehow.com,Female,169.214.60.115,Verkhnyaya Tura,Russia,4 Troy Parkway
341,Steve,Allen,sallen9g@exblog.jp,Male,88.32.142.179,Bakersfield,United States,7 Grover Point
342,Nicole,Johnson,njohnson9h@google.nl,Female,47.140.206.50,Bourg-lès-Valence,France,6056 Fuller Court
343,Stephen,Scott,sscott9i@umn.edu,Male,214.250.83.214,Cherskiy,Russia,78199 Nobel Drive
344,Annie,Lynch,alynch9j@jiathis.com,Female,43.127.137.50,Surazh,Russia,82 Schlimgen Circle
345,Todd,Howell,thowell9k@answers.com,Male,103.54.238.244,Hannover,Germany,10498 Kennedy Parkway
346,Mildred,Turner,mturner9l@comcast.net,Female,219.78.188.34,Donostia-San Sebastian,Spain,8 Red Cloud Street
347,Jose,Murphy,jmurphy9m@weebly.com,Male,117.96.97.31,Weyburn,Canada,2978 Springview Park
348,Kathleen,Long,klong9n@gravatar.com,Female,108.147.4.203,Sobinka,Russia,8 Blue Bill Park Hill
349,Walter,Watkins,wwatkins9o@narod.ru,Male,206.113.182.12,Khvalovo,Russia,60 Parkside Court
350,Scott,Mills,smills9p@photobucket.com,Male,237.108.84.105,Richmond,Canada,2 Algoma Alley
351,Antonio,Ford,aford9q@usda.gov,Male,175.15.140.217,Wuppertal,Germany,26 Mcguire Street
352,Joyce,Flores,jflores9r@desdev.cn,Female,26.242.101.181,Meshcherino,Russia,2 Nelson Hill
353,Diana,Parker,dparker9s@yahoo.com,Female,206.64.249.199,Yablochnyy,Russia,6602 Crescent Oaks Trail
354,Todd,Fuller,tfuller9t@cargocollective.com,Male,71.225.192.137,Bollène,France,8 Melby Point
355,Carol,Morales,cmorales9u@newsvine.com,Female,221.3.242.213,Dvurechensk,Russia,3 Beilfuss Terrace
356,Ruby,Frazier,rfrazier9v@tuttocitta.it,Female,255.128.3.20,Sapernoye,Russia,9 Hooker Center
357,Sandra,Smith,ssmith9w@accuweather.com,Female,37.137.24.168,Adelaide Mail Centre,Australia,73328 5th Place
358,Nancy,Jacobs,njacobs9x@google.co.uk,Female,118.103.221.7,Gainesville,United States,84172 Beilfuss Circle
359,Michelle,Bishop,mbishop9y@oaic.gov.au,Female,54.145.146.110,Bol’shoy Kamen’,Russia,3357 Marquette Parkway
360,Ernest,Long,elong9z@weather.com,Male,150.13.237.220,Kamenka,Russia,749 Larry Road
361,Johnny,Mason,jmasona0@time.com,Male,250.102.178.125,München,Germany,78 Namekagon Trail
362,Frances,Freeman,ffreemana1@bloglines.com,Female,115.48.142.178,Fleury-les-Aubrais,France,7 Kropf Alley
363,Catherine,Kelley,ckelleya2@opensource.org,Female,233.255.61.109,Prince Rupert,Canada,67621 Graceland Terrace
364,Stephanie,Crawford,scrawforda3@sun.com,Female,219.158.155.200,Kayakent,Russia,0928 Namekagon Road
365,Ernest,Stone,estonea4@goo.ne.jp,Male,245.225.181.215,Bryan,United States,19 International Drive
366,Betty,Griffin,bgriffina5@is.gd,Female,2.142.20.240,Agen,France,59537 Independence Drive
367,Brandon,Howell,bhowella6@domainmarket.com,Male,182.99.201.227,La Motte-Servolex,France,88169 Sunbrook Avenue
368,Susan,Wilson,swilsona7@wiley.com,Female,73.78.176.172,Sterling,United States,91 Carberry Trail
369,Cheryl,Martinez,cmartineza8@newyorker.com,Female,165.183.102.36,Otradnoye,Russia,05060 Forest Run Center
370,Russell,Kelly,rkellya9@admin.ch,Male,146.187.127.130,Segezha,Russia,1065 Union Point
371,Rachel,Snyder,rsnyderaa@discovery.com,Female,18.47.130.245,Pikalëvo,Russia,16 Golf Plaza
372,Frances,Bishop,fbishopab@lycos.com,Female,129.220.79.90,Tyrnyauz,Russia,4 Gina Crossing
373,Emily,Kelly,ekellyac@wikimedia.org,Female,95.238.143.11,Mtsensk,Russia,49 Hintze Hill
374,Amanda,Hart,ahartad@bandcamp.com,Female,105.117.0.82,Moshenskoye,Russia,0 Randy Terrace
375,Andrea,Robertson,arobertsonae@taobao.com,Female,238.238.2.45,Pleshanovo,Russia,8 Bunting Junction
376,Dennis,Chavez,dchavezaf@lycos.com,Male,44.76.247.158,Laon,France,014 Roth Parkway
377,Irene,Perez,iperezag@who.int,Female,39.180.156.173,Pyatovskiy,Russia,4 Anthes Pass
378,Cynthia,Morgan,cmorganah@phpbb.com,Female,100.95.35.82,Pamplona/Iruña,Spain,566 Golden Leaf Trail
379,Stephanie,Nichols,snicholsai@livejournal.com,Female,40.72.138.15,Paris La Défense,France,500 Evergreen Way
380,Kathryn,Kim,kkimaj@reference.com,Female,109.142.206.4,Chicago,United States,9583 Schurz Terrace
381,Wanda,Greene,wgreeneak@google.cn,Female,202.118.18.25,Vetluga,Russia,91 Coolidge Alley
382,Kevin,Lawson,klawsonal@kickstarter.com,Male,94.241.82.211,Springfield,United States,38 Village Green Parkway
383,Martin,Robinson,mrobinsonam@examiner.com,Male,71.202.205.242,Pamplona/Iruña,Spain,13769 Parkside Junction
384,Terry,Turner,tturneran@dmoz.org,Male,203.183.179.252,Nebug,Russia,88 Del Sol Place
385,Wayne,Armstrong,warmstrongao@blogs.com,Male,238.153.127.217,Mesa,United States,9 Forest Dale Park
386,Joan,Reed,jreedap@youtube.com,Female,137.20.198.87,Neklyudovo,Russia,53 Spohn Alley
387,Sara,Lopez,slopezaq@ovh.net,Female,223.102.145.222,Chesma,Russia,6463 Sauthoff Road
388,Judith,Perkins,jperkinsar@homestead.com,Female,192.112.113.219,Shreveport,United States,923 Killdeer Terrace
389,Jesse,Gray,jgrayas@census.gov,Male,226.110.77.72,Pochep,Russia,44 Schiller Street
390,Beverly,Kelley,bkelleyat@oracle.com,Female,180.147.242.192,Khvatovka,Russia,54714 Huxley Parkway
391,Russell,Ray,rrayau@reddit.com,Male,226.5.86.148,Charleston,United States,0443 Clemons Parkway
392,Andrea,Henry,ahenryav@tinypic.com,Female,241.159.134.29,Mgachi,Russia,0 Eliot Terrace
393,Lawrence,Robinson,lrobinsonaw@reddit.com,Male,191.242.162.122,Montgomery,United States,4 Sullivan Road
394,Anne,Watkins,awatkinsax@java.com,Female,204.83.169.79,Baton Rouge,United States,5 Pankratz Plaza
395,Kathy,Hill,khillay@tuttocitta.it,Female,239.4.213.244,Kalashnikovo,Russia,11394 Di Loreto Crossing
396,Arthur,Hernandez,ahernandezaz@virginia.edu,Male,122.142.14.164,Detroit,United States,66 Randy Road
397,Justin,Burke,jburkeb0@trellian.com,Male,3.22.129.45,Laxou,France,16 Esker Pass
398,Earl,Fields,efieldsb1@cloudflare.com,Male,45.88.0.126,Mesa,United States,9 Helena Park
399,Nancy,Black,nblackb2@hexun.com,Female,57.78.137.233,Shakhty,Russia,7 Crest Line Crossing
400,Scott,Cole,scoleb3@blog.com,Male,54.22.94.209,Coulommiers,France,618 Bunting Circle
401,Kathy,Lawson,klawsonb4@ask.com,Female,63.16.36.160,Nizhniy Tagil,Russia,709 Northview Junction
402,Johnny,Diaz,jdiazb5@blogtalkradio.com,Male,123.35.183.218,Dukhovshchina,Russia,3 Forest Road
403,Amanda,Montgomery,amontgomeryb6@live.com,Female,12.63.251.81,Novyy,Russia,94345 Mendota Point
404,Arthur,Garza,agarzab7@google.pl,Male,0.45.70.171,Mel’nikovo,Russia,7 Hanson Pass
405,Jennifer,Simpson,jsimpsonb8@1688.com,Female,223.175.158.197,Suzëmka,Russia,9434 Fulton Hill
406,Tammy,Fox,tfoxb9@loc.gov,Female,229.163.124.62,Tankhoy,Russia,405 Manley Pass
407,Marie,Johnston,mjohnstonba@rambler.ru,Female,6.60.180.89,Corona,United States,3586 Hermina Trail
408,Richard,Medina,rmedinabb@simplemachines.org,Male,117.14.66.28,Tevriz,Russia,6147 Anhalt Center
409,Arthur,Wagner,awagnerbc@paginegialle.it,Male,220.200.146.231,Novocheboksarsk,Russia,5763 Jenna Crossing
410,Sean,Burton,sburtonbd@time.com,Male,250.174.17.230,Podgornoye,Russia,7 Milwaukee Drive
411,Janice,Bryant,jbryantbe@biglobe.ne.jp,Female,38.99.65.119,Zyuzino,Russia,55034 Milwaukee Way
412,Kathy,Perez,kperezbf@ustream.tv,Female,41.191.41.77,Gorbunki,Russia,757 Bay Street
413,John,Stewart,jstewartbg@va.gov,Male,56.225.35.237,Suvorov,Russia,31302 Brown Parkway
414,Jonathan,Franklin,jfranklinbh@skyrock.com,Male,152.77.130.239,Ust’-Uda,Russia,12545 Havey Lane
415,Eugene,Gonzalez,egonzalezbi@auda.org.au,Male,56.55.132.216,Krasnaya Polyana,Russia,25 Pine View Street
416,Lawrence,Roberts,lrobertsbj@com.com,Male,183.0.151.132,Bar-le-Duc,France,83674 Gulseth Alley
417,Justin,Wells,jwellsbk@odnoklassniki.ru,Male,82.193.190.108,Verkhniy Baskunchak,Russia,662 Kennedy Crossing
418,Norma,Harris,nharrisbl@home.pl,Female,77.117.158.118,Rostokino,Russia,87 Forster Trail
419,Ernest,Cunningham,ecunninghambm@multiply.com,Male,80.219.182.206,Sainte-Adèle,Canada,37169 Pankratz Place
420,Carol,Black,cblackbn@bbc.co.uk,Female,209.84.228.16,Ust’-Kachka,Russia,7608 Eggendart Road
421,Margaret,Hawkins,mhawkinsbo@bing.com,Female,53.60.200.30,Shatki,Russia,94 Mayfield Junction
422,Louis,Patterson,lpattersonbp@bizjournals.com,Male,135.216.252.193,Boston,United States,8 Meadow Ridge Street
423,Julia,Bradley,jbradleybq@imdb.com,Female,148.99.144.150,Dolgoderevenskoye,Russia,18506 Pawling Drive
424,Willie,Fields,wfieldsbr@artisteer.com,Male,255.221.106.121,La Rochelle,France,22 Kinsman Junction
425,Ernest,Watson,ewatsonbs@cbc.ca,Male,118.232.94.136,Novocheboksarsk,Russia,22759 American Ash Junction
426,Andrew,Murphy,amurphybt@washingtonpost.com,Male,168.166.103.243,Saint-Ambroise,Canada,257 Westend Lane
427,Ryan,Hanson,rhansonbu@zdnet.com,Male,39.69.2.90,Kudinovo,Russia,3772 Pearson Circle
428,Jonathan,Robinson,jrobinsonbv@trellian.com,Male,153.235.73.226,Dauriya,Russia,819 Washington Parkway
429,Craig,Coleman,ccolemanbw@slashdot.org,Male,88.24.118.175,Sandata,Russia,86 Scoville Plaza
430,Dennis,Green,dgreenbx@psu.edu,Male,110.214.205.104,Alfortville,France,86202 Westport Way
431,Thomas,Edwards,tedwardsby@google.nl,Male,124.68.26.30,Jamaica,United States,23607 Buhler Plaza
432,Tammy,Morgan,tmorganbz@sohu.com,Female,143.244.153.145,Berthierville,Canada,960 Oakridge Pass
433,Ashley,Lynch,alynchc0@diigo.com,Female,127.46.105.191,Zhigulevsk,Russia,8 Rigney Way
434,Todd,Bishop,tbishopc1@cam.ac.uk,Male,60.1.24.197,Wilkes Barre,United States,845 David Pass
435,Charles,Fernandez,cfernandezc2@php.net,Male,169.35.238.107,Le Mans,France,492 American Hill
436,Maria,Gordon,mgordonc3@icio.us,Female,4.19.196.30,Novyy Karachay,Russia,9 Lindbergh Junction
437,Amanda,Mcdonald,amcdonaldc4@ibm.com,Female,59.151.72.250,Mochishche,Russia,371 Pierstorff Crossing
438,Shawn,Hansen,shansenc5@netvibes.com,Male,232.160.202.232,Desnogorsk,Russia,2239 Steensland Terrace
439,Sara,Payne,spaynec6@squidoo.com,Female,168.0.74.159,Magnitogorsk,Russia,26 Hollow Ridge Junction
440,Russell,Hawkins,rhawkinsc7@newyorker.com,Male,99.174.60.149,Port-de-Bouc,France,12 Stone Corner Lane
441,Doris,Meyer,dmeyerc8@baidu.com,Female,11.57.134.145,Little Current,Canada,5 Stone Corner Junction
442,Carolyn,Porter,cporterc9@desdev.cn,Female,212.120.221.43,Washington,United States,7218 Pennsylvania Hill
443,Thomas,Washington,twashingtonca@imageshack.us,Male,23.178.17.108,Nachalovo,Russia,8 Buena Vista Lane
444,Martha,Rodriguez,mrodriguezcb@sciencedaily.com,Female,57.182.35.220,Toulon,France,9 Springview Road
445,Johnny,Chapman,jchapmancc@opensource.org,Male,68.147.89.166,Scranton,United States,564 Thackeray Point
446,Lillian,James,ljamescd@t.co,Female,3.229.72.26,Fontenay-sous-Bois,France,6 Del Mar Circle
447,Janet,Wilson,jwilsonce@unc.edu,Female,237.40.181.192,Inozemtsevo,Russia,493 Browning Court
448,Mark,Meyer,mmeyercf@eepurl.com,Male,234.173.72.228,Kasimov,Russia,1494 Elka Court
449,Beverly,Garza,bgarzacg@thetimes.co.uk,Female,84.13.250.28,Épernay,France,48361 Ramsey Junction
450,Carolyn,Powell,cpowellch@lycos.com,Female,165.44.159.47,Honolulu,United States,378 Katie Pass
451,Judy,Bryant,jbryantci@goo.gl,Female,221.89.137.38,Nuradilovo,Russia,444 Westridge Street
452,Randy,Ryan,rryancj@cdbaby.com,Male,58.8.154.153,Boston,United States,3197 Main Park
453,Michelle,Lawson,mlawsonck@smh.com.au,Female,110.115.230.246,Orléans,France,67036 Green Ridge Trail
454,Philip,Perez,pperezcl@vk.com,Male,31.1.189.5,Bowen Island,Canada,76 Basil Avenue
455,Christopher,Edwards,cedwardscm@example.com,Male,17.9.143.216,Livorno,Italy,7 Springs Park
456,Kenneth,Gonzales,kgonzalescn@i2i.jp,Male,165.20.248.107,Sacramento,United States,53 Quincy Street
457,Tammy,Murphy,tmurphyco@msu.edu,Female,173.29.47.39,Klimovsk,Russia,5625 Packers Crossing
458,Harold,Ward,hwardcp@ycombinator.com,Male,65.25.246.182,Volot,Russia,7 Cascade Pass
459,Stephanie,Long,slongcq@istockphoto.com,Female,205.28.114.254,Urukh,Russia,974 Everett Park
460,Earl,Foster,efostercr@jimdo.com,Male,39.39.115.175,Les Sables-d'Olonne,France,718 Thompson Pass
461,Elizabeth,Myers,emyerscs@linkedin.com,Female,211.208.202.224,Milano,Italy,58042 Anzinger Plaza
462,Joseph,Banks,jbanksct@dagondesign.com,Male,50.212.224.65,"Palmas De Gran Canaria, Las",Spain,5 Lunder Junction
463,Bobby,Walker,bwalkercu@nyu.edu,Male,141.4.117.125,Koslan,Russia,07 Nova Crossing
464,Ashley,Alexander,aalexandercv@vk.com,Female,74.105.152.11,Pokrovskoye,Russia,29 Reinke Plaza
465,David,Montgomery,dmontgomerycw@wiley.com,Male,158.252.255.132,Kimovsk,Russia,35 Heath Center
466,Jean,Harris,jharriscx@cdbaby.com,Female,38.86.213.161,Shun’ga,Russia,7097 Fairfield Alley
467,Brian,Dean,bdeancy@jugem.jp,Male,231.194.180.188,Baykit,Russia,77610 Tennessee Terrace
468,Christine,Weaver,cweavercz@yahoo.com,Female,234.46.198.1,Verkhniye Osel’ki,Russia,083 Trailsway Avenue
469,Susan,Ryan,sryand0@apple.com,Female,113.154.73.110,Rosthern,Canada,6597 Cascade Plaza
470,Carol,Adams,cadamsd1@bloglovin.com,Female,155.251.29.138,Maloyaroslavets,Russia,61264 Rieder Junction
471,Tammy,Chapman,tchapmand2@youtu.be,Female,217.80.123.253,Asheville,United States,27169 Lindbergh Court
472,Juan,Rose,jrosed3@t-online.de,Male,161.30.66.153,Beslan,Russia,1 Milwaukee Parkway
473,Douglas,Kelley,dkelleyd4@microsoft.com,Male,123.46.9.219,Dmitriyevskaya,Russia,662 Meadow Ridge Hill
474,Rose,Bell,rbelld5@cdc.gov,Female,85.126.219.88,Martigues,France,01575 Orin Street
475,Jacqueline,Richards,jrichardsd6@abc.net.au,Female,243.205.216.38,Mont-Joli,Canada,9 Mallard Street
476,Ernest,Turner,eturnerd7@loc.gov,Male,86.57.228.37,Karagay,Russia,076 Shopko Alley
477,Louis,Nelson,lnelsond8@twitter.com,Male,70.73.233.202,Le Havre,France,43354 Sunfield Alley
478,Frank,Woods,fwoodsd9@irs.gov,Male,59.248.52.29,Yayva,Russia,45 Northview Place
479,Todd,Black,tblackda@wisc.edu,Male,141.230.73.45,Kugesi,Russia,04 Chinook Crossing
480,Steve,Alexander,salexanderdb@rediff.com,Male,140.223.34.40,Tempe,United States,6467 Oak Valley Road
481,Chris,Medina,cmedinadc@trellian.com,Male,56.9.59.218,Novokuz’minki,Russia,2 Derek Place
482,Angela,Cruz,acruzdd@fema.gov,Female,46.125.201.61,Saint-Jean-de-Védas,France,17027 Debra Street
483,Benjamin,Flores,bfloresde@bluehost.com,Male,92.241.188.124,Izmaylovo,Russia,82 Artisan Pass
484,Clarence,Stone,cstonedf@typepad.com,Male,135.7.129.28,Chumikan,Russia,853 Continental Drive
485,Justin,Patterson,jpattersondg@mac.com,Male,29.128.26.229,Los Angeles,United States,0 Independence Circle
486,Marilyn,Cook,mcookdh@dion.ne.jp,Female,16.205.252.59,Nakusp,Canada,00 Manitowish Point
487,Gloria,Johnson,gjohnsondi@opera.com,Female,89.64.108.49,Saint Louis,United States,89 Emmet Alley
488,Roger,Hanson,rhansondj@amazon.com,Male,172.196.152.233,Semiluki,Russia,1 Mifflin Trail
489,Shawn,Vasquez,svasquezdk@weibo.com,Male,158.213.158.91,Kizema,Russia,31 Swallow Place
490,Roy,West,rwestdl@vkontakte.ru,Male,209.197.76.165,Sevilla,Spain,4280 Thompson Crossing
491,Catherine,Sullivan,csullivandm@samsung.com,Female,139.139.119.246,Petaluma,United States,7165 Cherokee Park
492,Julia,Collins,jcollinsdn@deliciousdays.com,Female,170.251.158.199,Hamburg Harvestehude,Germany,73 Debra Circle
493,Johnny,Henderson,jhendersondo@yahoo.com,Male,222.58.64.22,Polevskoy,Russia,7 Waxwing Park
494,Stephen,Dixon,sdixondp@slate.com,Male,95.25.149.139,Mundolsheim,France,9 Elmside Trail
495,Linda,Foster,lfosterdq@chicagotribune.com,Female,228.29.69.29,Krasnogorodskoye,Russia,65 Esker Pass
496,Kathy,Sanchez,ksanchezdr@wikipedia.org,Female,42.133.131.80,Tarasovskiy,Russia,423 Lakeland Parkway
497,Edward,Evans,eevansds@issuu.com,Male,62.127.200.201,Newton,United States,82 Calypso Avenue
498,Scott,Dean,sdeandt@wufoo.com,Male,202.120.151.244,Austin,United States,6528 Karstens Trail
499,Walter,Williams,wwilliamsdu@about.com,Male,44.128.30.91,Jacksonville,United States,127 Oakridge Trail
500,Jonathan,Mendoza,jmendozadv@ow.ly,Male,77.46.79.33,Clearwater,United States,27488 Ridge Oak Road
501,Tina,Myers,tmyersdw@wunderground.com,Female,116.181.219.42,Tours,France,54 Onsgard Circle
502,Benjamin,Rodriguez,brodriguezdx@mapquest.com,Male,138.243.177.107,Novoaleksandrovsk,Russia,2 Kedzie Avenue
503,Jacqueline,Carroll,jcarrolldy@ibm.com,Female,214.221.114.250,Montgomery,United States,32 Eagle Crest Trail
504,Brandon,Hamilton,bhamiltondz@elpais.com,Male,78.83.207.233,Orange,France,6 Monica Circle
505,Doris,Kennedy,dkennedye0@github.com,Female,51.160.235.176,Yakovlevo,Russia,5 Comanche Street
506,Robin,George,rgeorgee1@xing.com,Female,132.175.97.16,Novo-Peredelkino,Russia,071 Havey Street
507,Shawn,Murray,smurraye2@jigsy.com,Male,48.6.102.34,Blois,France,78 Bay Hill
508,Terry,Baker,tbakere3@storify.com,Male,49.28.215.235,Kashira,Russia,939 Memorial Trail
509,Denise,Chavez,dchaveze4@fema.gov,Female,159.115.250.228,Staraya Stanitsa,Russia,755 Ludington Court
510,Joshua,Morales,jmoralese5@kickstarter.com,Male,151.89.40.123,Knyaze-Volkonskoye,Russia,3 American Court
511,Tammy,Patterson,tpattersone6@engadget.com,Female,22.191.67.20,Odoyev,Russia,94622 Welch Lane
512,Timothy,Burns,tburnse7@seattletimes.com,Male,221.80.159.134,Miami,United States,7 Bunting Hill
513,Howard,Weaver,hweavere8@qq.com,Male,33.75.166.62,Anuchino,Russia,2 Esker Lane
514,Mildred,Anderson,mandersone9@flavors.me,Female,49.74.157.167,Irkutsk,Russia,8 Crowley Point
515,Brian,Turner,bturnerea@bluehost.com,Male,167.93.132.215,Düsseldorf,Germany,55671 New Castle Road
516,Peter,Wells,pwellseb@walmart.com,Male,32.182.177.23,Boulogne-Billancourt,France,894 Ridge Oak Lane
517,Gregory,Shaw,gshawec@diigo.com,Male,107.82.169.141,Iowa City,United States,8 Marcy Parkway
518,Evelyn,Hudson,ehudsoned@google.co.uk,Female,83.151.222.150,Maple Plain,United States,75522 Maple Wood Junction
519,Anthony,Long,alongee@sohu.com,Male,169.101.155.138,Orlando,United States,9 Michigan Street
520,Anna,Ryan,aryanef@is.gd,Female,16.30.165.90,Staritsa,Russia,4 Rusk Way
521,Catherine,Brown,cbrowneg@yahoo.co.jp,Female,150.197.197.101,Rodniki,Russia,946 Ridge Oak Pass
522,Margaret,Campbell,mcampbelleh@amazon.co.jp,Female,227.244.10.210,Évry,France,05 Mariners Cove Street
523,Lillian,Mason,lmasonei@japanpost.jp,Female,26.245.221.135,Ulyanovsk,Russia,047 Oxford Avenue
524,Michael,Turner,mturnerej@yandex.ru,Male,63.183.179.19,Malakhovka,Russia,5 Autumn Leaf Point
525,Carolyn,Mcdonald,cmcdonaldek@xing.com,Female,56.133.70.138,Marseille,France,0685 Killdeer Drive
526,Albert,Morales,amoralesel@biglobe.ne.jp,Male,27.65.178.197,"Palmas De Gran Canaria, Las",Spain,1 Hagan Street
527,Tina,Anderson,tandersonem@addtoany.com,Female,178.248.68.16,Chita,Russia,48041 Melvin Park
528,Lori,Cole,lcoleen@amazon.co.uk,Female,247.201.221.45,Beya,Russia,24794 Charing Cross Plaza
529,Todd,Lynch,tlyncheo@wikipedia.org,Male,98.225.111.139,Novolugovoye,Russia,57 Utah Terrace
530,Carolyn,Rose,croseep@nydailynews.com,Female,99.236.98.155,Los Angeles,United States,80 Carioca Road
531,Louis,Dunn,ldunneq@ezinearticles.com,Male,175.82.220.181,Uchaly,Russia,48 2nd Lane
532,John,Hill,jhiller@youtube.com,Male,239.173.68.77,Pashiya,Russia,58024 Utah Plaza
533,Anne,Carter,acarteres@adobe.com,Female,55.194.47.110,Urshel’skiy,Russia,9752 Grover Plaza
534,Craig,Stewart,cstewartet@rediff.com,Male,83.232.187.233,Oklahoma City,United States,122 Main Pass
535,Justin,Brooks,jbrookseu@shutterfly.com,Male,187.154.150.228,Jacksonville,United States,679 Lien Avenue
536,Gary,Elliott,gelliottev@arizona.edu,Male,190.102.27.84,Aubagne,France,71104 Roxbury Alley
537,Harold,Bradley,hbradleyew@addthis.com,Male,98.70.223.129,Novyye Cherëmushki,Russia,47 Ruskin Crossing
538,Lawrence,Willis,lwillisex@rakuten.co.jp,Male,75.71.92.236,Uglyanets,Russia,4 Dayton Lane
539,Marilyn,Brown,mbrowney@prnewswire.com,Female,249.172.66.102,Yelizavetinskaya,Russia,99209 Sloan Point
540,Peter,Myers,pmyersez@indiegogo.com,Male,154.78.155.249,Cergy-Pontoise,France,51 Rowland Parkway
541,Jeffrey,Brooks,jbrooksf0@state.gov,Male,179.6.180.128,Grand Rapids,United States,991 Summit Junction
542,Joyce,Holmes,jholmesf1@dailymotion.com,Female,33.238.144.253,Braunschweig,Germany,137 Butterfield Center
543,Harold,Alvarez,halvarezf2@home.pl,Male,47.149.154.124,Tournan-en-Brie,France,1523 Buell Terrace
544,Aaron,Mason,amasonf3@mysql.com,Male,87.199.105.226,Surovikino,Russia,96 Starling Way
545,Rachel,Hamilton,rhamiltonf4@nifty.com,Female,186.123.173.43,Novopavlovsk,Russia,08478 Briar Crest Lane
546,Linda,Welch,lwelchf5@europa.eu,Female,210.222.146.109,Ugra,Russia,41553 Pond Center
547,Lori,Robinson,lrobinsonf6@amazon.co.jp,Female,198.3.138.249,Usukhchay,Russia,9402 7th Park
548,Brandon,Cole,bcolef7@wordpress.org,Male,109.160.86.232,Amiens,France,766 Mitchell Circle
549,Kenneth,Vasquez,kvasquezf8@umn.edu,Male,55.162.127.9,Fécamp,France,223 Parkside Street
550,Roy,Hunt,rhuntf9@mapquest.com,Male,219.110.159.107,Choya,Russia,3619 Grover Park
551,Cheryl,Harris,charrisfa@prnewswire.com,Female,168.235.226.15,Argayash,Russia,82418 Nelson Lane
552,Victor,Olson,volsonfb@stumbleupon.com,Male,232.228.97.156,Orël,Russia,106 Browning Parkway
553,Dennis,Castillo,dcastillofc@symantec.com,Male,69.208.141.157,Labrador City,Canada,6709 Amoth Way
554,Frank,Wallace,fwallacefd@unicef.org,Male,99.62.211.176,Birmingham,United States,1 Summit Hill
555,Kathleen,Palmer,kpalmerfe@youtube.com,Female,219.21.76.137,Demyansk,Russia,0 Arizona Street
556,Brenda,Taylor,btaylorff@who.int,Female,255.238.12.154,Gananoque,Canada,78976 Lunder Park
557,Antonio,Reynolds,areynoldsfg@narod.ru,Male,105.19.141.222,Korfovskiy,Russia,5 Dunning Court
558,Cynthia,Bishop,cbishopfh@homestead.com,Female,230.223.146.252,Angoulême,France,1155 Summit Lane
559,Sean,Richardson,srichardsonfi@wikispaces.com,Male,222.34.136.52,Gostagayevskaya,Russia,42 Crescent Oaks Avenue
560,Robin,Howard,rhowardfj@unicef.org,Female,93.242.105.136,Yazykovo,Russia,332 Waywood Way
561,Jack,Jordan,jjordanfk@bing.com,Male,206.26.97.102,Gornyy,Russia,166 Beilfuss Circle
562,Martin,Elliott,melliottfl@house.gov,Male,238.135.131.159,Ogden,United States,1465 Sunbrook Plaza
563,Timothy,Elliott,telliottfm@chronoengine.com,Male,16.173.24.106,La Rochelle,France,3270 Longview Road
564,Kevin,Lewis,klewisfn@wordpress.com,Male,198.20.243.34,Roma,Italy,37 Drewry Trail
565,Barbara,Bryant,bbryantfo@netscape.com,Female,202.222.220.144,Itum-Kali,Russia,86 Corry Road
566,Gloria,Mendoza,gmendozafp@123-reg.co.uk,Female,17.181.113.244,Newport Beach,United States,25592 Clemons Trail
567,Harold,Hansen,hhansenfq@cbc.ca,Male,242.62.215.83,Kalinovo,Russia,97 Ronald Regan Terrace
568,Nicole,Larson,nlarsonfr@prnewswire.com,Female,52.212.89.160,Omaha,United States,83 Burrows Way
569,Samuel,Wallace,swallacefs@sitemeter.com,Male,114.123.11.76,Flushing,United States,66665 Almo Street
570,Lisa,Hamilton,lhamiltonft@youtu.be,Female,196.153.99.22,Nürnberg,Germany,1 Golf Drive
571,Anne,Roberts,arobertsfu@opensource.org,Female,66.187.105.255,Sacramento,United States,204 Talmadge Terrace
572,Michelle,Foster,mfosterfv@hp.com,Female,193.36.140.69,Rzhavki,Russia,32 Bowman Circle
573,Jane,Cunningham,jcunninghamfw@parallels.com,Female,38.222.166.47,Merritt,Canada,272 Huxley Avenue
574,Carlos,Gonzales,cgonzalesfx@spiegel.de,Male,73.109.68.162,Zmeyskaya,Russia,8 Bayside Terrace
575,Helen,Garza,hgarzafy@naver.com,Female,139.184.217.120,Santander,Spain,5 Milwaukee Circle
576,Stephen,Vasquez,svasquezfz@joomla.org,Male,17.198.51.20,Phoenix,United States,8 Hoepker Circle
577,Robert,Austin,rausting0@columbia.edu,Male,149.155.157.234,Columbus,United States,72734 Summerview Terrace
578,Peter,Rose,proseg1@yellowpages.com,Male,61.251.23.226,Valence,France,4 Lotheville Center
579,Karen,Coleman,kcolemang2@prlog.org,Female,181.121.143.60,Villejuif,France,4336 Tennessee Park
580,Carlos,Willis,cwillisg3@creativecommons.org,Male,17.135.5.234,Huntington,United States,546 4th Junction
581,Steven,Lynch,slynchg4@nifty.com,Male,145.172.233.254,Nantes,France,57452 Spenser Court
582,Andrew,Mason,amasong5@i2i.jp,Male,75.150.188.224,Sotnikovskoye,Russia,4 Crownhardt Avenue
583,Margaret,Morris,mmorrisg6@google.com.hk,Female,142.197.64.34,Mikun’,Russia,76 Bartelt Road
584,Shawn,Coleman,scolemang7@dropbox.com,Male,129.120.227.191,Paris 11,France,1 Rutledge Terrace
585,Brian,Morgan,bmorgang8@prlog.org,Male,176.134.83.160,Yayva,Russia,612 Vahlen Lane
586,Kathleen,Turner,kturnerg9@biblegateway.com,Female,58.2.59.82,Pavlovskiy Posad,Russia,76 Reindahl Pass
587,Jonathan,Lewis,jlewisga@kickstarter.com,Male,217.237.38.70,Orange,France,28 Hudson Pass
588,Sara,Lopez,slopezgb@usnews.com,Female,233.185.30.224,Princeville,Canada,3 Talmadge Pass
589,Sandra,Cox,scoxgc@ucla.edu,Female,21.251.102.86,Columbia,United States,5328 Texas Circle
590,Eric,Hanson,ehansongd@scientificamerican.com,Male,188.115.26.250,Protvino,Russia,4 Nobel Junction
591,Jeffrey,Rodriguez,jrodriguezge@infoseek.co.jp,Male,207.130.231.43,Jacksonville,United States,209 Autumn Leaf Road
592,Emily,Perez,eperezgf@aboutads.info,Female,92.155.11.178,Gornyy,Russia,2 Anthes Park
593,Keith,Nguyen,knguyengg@deviantart.com,Male,52.182.188.210,Cahors,France,8710 Crowley Point
594,Virginia,Cox,vcoxgh@omniture.com,Female,156.231.250.235,Futuroscope,France,8 Summerview Crossing
595,Laura,Alvarez,lalvarezgi@dedecms.com,Female,185.37.253.189,Moret-sur-Loing,France,39 Golf Parkway
596,Denise,Jones,djonesgj@youtube.com,Female,130.151.29.125,Lacombe,Canada,2015 Hazelcrest Way
597,Fred,Marshall,fmarshallgk@geocities.com,Male,133.98.31.164,Novorossiysk,Russia,28393 Hanson Center
598,Alan,Wilson,awilsongl@theatlantic.com,Male,79.208.99.201,Saint Paul,United States,0 Maywood Court
599,Robert,Morris,rmorrisgm@sciencedirect.com,Male,192.72.227.199,Isakly,Russia,73213 Nelson Pass
600,Betty,Meyer,bmeyergn@feedburner.com,Female,140.28.142.233,Cache Creek,Canada,9086 Ramsey Court
601,Linda,Frazier,lfraziergo@wikia.com,Female,133.126.61.41,Susanino,Russia,57 Thierer Terrace
602,Wayne,Carpenter,wcarpentergp@ebay.com,Male,75.27.171.68,Charleston,United States,9834 Sutherland Drive
603,Betty,Castillo,bcastillogq@wikimedia.org,Female,152.172.16.76,Kimil’tey,Russia,678 Lillian Lane
604,Jennifer,Gardner,jgardnergr@domainmarket.com,Female,209.183.233.37,Novoderevyankovskaya,Russia,56098 International Junction
605,William,Little,wlittlegs@cmu.edu,Male,218.203.250.60,Yedogon,Russia,1419 Nobel Center
606,Eugene,Armstrong,earmstronggt@ox.ac.uk,Male,6.2.27.181,Uzunovo,Russia,1463 Sachtjen Trail
607,Frank,Hudson,fhudsongu@163.com,Male,176.227.46.127,Berlin,Germany,315 Esker Plaza
608,Andrea,Kim,akimgv@telegraph.co.uk,Female,73.156.151.99,Izmaylovo,Russia,683 Clarendon Parkway
609,George,Daniels,gdanielsgw@vimeo.com,Male,158.169.207.130,Ussel,France,739 Gale Court
610,Bruce,Hughes,bhughesgx@nytimes.com,Male,136.250.96.16,Roanoke,United States,60726 Lighthouse Bay Place
611,Billy,Lewis,blewisgy@jiathis.com,Male,131.212.8.132,Akron,United States,6839 Melody Hill
612,Larry,George,lgeorgegz@paginegialle.it,Male,165.140.57.155,Erie,United States,150 Garrison Terrace
613,Jack,Lewis,jlewish0@miitbeian.gov.cn,Male,91.106.28.195,Périgny,France,22000 Ridge Oak Park
614,Joan,Garcia,jgarciah1@prlog.org,Female,223.196.149.230,Lisieux,France,7 Sommers Circle
615,Stephen,Garcia,sgarciah2@list-manage.com,Male,227.88.23.124,La Roche-sur-Yon,France,1 Donald Place
616,Angela,Boyd,aboydh3@wufoo.com,Female,247.9.153.126,Zhukovka,Russia,281 Carey Point
617,Douglas,Bailey,dbaileyh4@php.net,Male,83.147.60.58,Dulles,United States,19120 Harbort Parkway
618,Kevin,George,kgeorgeh5@csmonitor.com,Male,55.239.216.117,Laxou,France,2 Crescent Oaks Street
619,Lori,Kennedy,lkennedyh6@ovh.net,Female,234.247.73.159,Penticton,Canada,7164 Heath Drive
620,Ernest,Willis,ewillish7@fastcompany.com,Male,106.125.76.89,Bolkhov,Russia,34697 Clove Parkway
621,Anthony,Warren,awarrenh8@marketwatch.com,Male,71.77.244.66,Harrisburg,United States,785 Pennsylvania Place
622,Frank,Walker,fwalkerh9@sphinn.com,Male,63.19.111.233,Mogocha,Russia,3463 Ludington Road
623,James,Stephens,jstephensha@jiathis.com,Male,239.189.195.192,Créteil,France,2 Fair Oaks Point
624,Mildred,Shaw,mshawhb@toplist.cz,Female,248.156.217.111,Zheleznodorozhnyy,Russia,883 Sloan Drive
625,Karen,Griffin,kgriffinhc@netlog.com,Female,152.21.115.40,Sol’-Iletsk,Russia,89269 Nelson Street
626,Juan,Grant,jgranthd@ask.com,Male,23.49.176.94,Victoriaville,Canada,29507 Northview Street
627,Martha,Cook,mcookhe@netvibes.com,Female,0.15.222.138,Bordeaux,France,26 Forest Dale Plaza
628,Willie,Butler,wbutlerhf@newsvine.com,Male,77.75.184.44,Uvarovka,Russia,67220 Buena Vista Plaza
629,Lawrence,Duncan,lduncanhg@theatlantic.com,Male,206.144.152.96,Imeni Babushkina,Russia,08154 Schmedeman Plaza
630,Paul,Rivera,priverahh@mozilla.com,Male,91.119.225.0,Blois,France,447 Schlimgen Crossing
631,Mark,Martin,mmartinhi@weibo.com,Male,213.17.188.194,Misheronskiy,Russia,6622 Talmadge Road
632,Keith,Ruiz,kruizhj@unblog.fr,Male,195.207.212.163,Huntington Beach,United States,404 Golf Hill
633,Fred,Garcia,fgarciahk@alibaba.com,Male,107.35.41.34,West Kelowna,Canada,296 Old Shore Hill
634,Janice,Dean,jdeanhl@odnoklassniki.ru,Female,218.136.138.136,Carbonear,Canada,0 Dorton Trail
635,Patricia,Kelly,pkellyhm@yellowbook.com,Female,249.12.193.121,Gaillac,France,72 Transport Pass
636,Clarence,Roberts,crobertshn@about.me,Male,82.219.210.246,Champigny-sur-Marne,France,50109 Oneill Plaza
637,Sharon,Owens,sowensho@com.com,Female,214.75.226.34,Carpiquet,France,8650 Mifflin Hill
638,Janet,Hughes,jhugheshp@t-online.de,Female,99.201.106.6,Laurel,United States,6271 Shoshone Lane
639,Keith,Price,kpricehq@europa.eu,Male,162.0.100.84,Gorelovo,Russia,6 Forster Pass
640,Kathleen,Knight,kknighthr@amazon.co.jp,Female,3.255.87.52,Talnakh,Russia,262 Knutson Lane
641,Kathleen,Washington,kwashingtonhs@gravatar.com,Female,32.132.127.77,Toledo,United States,2 Rigney Avenue
642,Craig,Cook,ccookht@google.de,Male,6.61.49.37,Charyshskoye,Russia,0 Cherokee Plaza
643,Ann,Ferguson,afergusonhu@who.int,Female,238.230.155.12,Srednebelaya,Russia,19409 Waxwing Terrace
644,Andrew,Lynch,alynchhv@thetimes.co.uk,Male,58.148.211.15,Zimovniki,Russia,9 Comanche Park
645,Norma,Collins,ncollinshw@paypal.com,Female,228.82.69.164,Fort McMurray,Canada,1 Judy Road
646,Julie,Cox,jcoxhx@wordpress.com,Female,210.137.158.115,Idritsa,Russia,370 Truax Road
647,Martin,Black,mblackhy@vk.com,Male,93.242.193.26,Kolomyagi,Russia,7 Prairieview Circle
648,Angela,Castillo,acastillohz@cnbc.com,Female,163.138.229.133,Pryazha,Russia,3 Quincy Point
649,Arthur,Thompson,athompsoni0@time.com,Male,220.22.177.117,Bolkhov,Russia,1322 Little Fleur Pass
650,Joseph,Henderson,jhendersoni1@businessinsider.com,Male,237.131.5.197,Washington,United States,4223 Longview Point
651,Donna,Scott,dscotti2@webeden.co.uk,Female,217.88.141.65,Smiths Falls,Canada,54139 Carey Way
652,Ashley,Flores,afloresi3@smugmug.com,Female,113.93.31.106,Angoulême,France,0407 Spohn Plaza
653,Eric,Hart,eharti4@zimbio.com,Male,145.62.155.13,Pregradnaya,Russia,7591 Ronald Regan Way
654,Melissa,Grant,mgranti5@bravesites.com,Female,84.75.128.165,Moulins,France,213 Raven Terrace
655,Jessica,Bell,jbelli6@cnn.com,Female,248.132.35.222,Lashma,Russia,1 Grim Way
656,Matthew,Willis,mwillisi7@fastcompany.com,Male,166.28.132.134,Notre-Dame-des-Prairies,Canada,0629 Jackson Alley
657,Ralph,Dean,rdeani8@amazon.de,Male,9.154.239.16,Priyutovo,Russia,0071 Becker Point
658,Daniel,Kelly,dkellyi9@nytimes.com,Male,35.164.34.242,Sosnovka,Russia,1776 Daystar Center
659,Walter,Boyd,wboydia@upenn.edu,Male,149.150.202.5,Périgny,France,26 David Avenue
660,Thomas,Fuller,tfullerib@gravatar.com,Male,252.216.117.220,Youngstown,United States,8 Forster Pass
661,Julie,Black,jblackic@seattletimes.com,Female,102.133.211.71,Florence,United States,94 Monica Crossing
662,Robin,Hudson,rhudsonid@freewebs.com,Female,66.243.0.190,Auch,France,19 Fulton Pass
663,Helen,Perkins,hperkinsie@google.com.hk,Female,19.27.200.119,Dzhayrakh,Russia,58 East Drive
664,Chris,Allen,callenif@abc.net.au,Male,70.159.153.104,Corpus Christi,United States,7 Alpine Junction
665,Nancy,Morgan,nmorganig@ezinearticles.com,Female,194.17.146.116,Tirlyanskiy,Russia,7307 Grasskamp Circle
666,Bonnie,Mason,bmasonih@japanpost.jp,Female,58.18.105.37,Philadelphia,United States,618 Birchwood Crossing
667,Frances,Hughes,fhughesii@redcross.org,Female,182.228.59.92,Zhigulevsk,Russia,028 Myrtle Place
668,Jose,Turner,jturnerij@theatlantic.com,Male,239.173.109.123,Khuzhir,Russia,20 Schmedeman Plaza
669,Stephen,Scott,sscottik@webmd.com,Male,39.148.214.75,Rybinsk,Russia,68284 Clove Junction
670,Eugene,Lawson,elawsonil@sina.com.cn,Male,50.104.166.91,Yurla,Russia,89499 David Drive
671,Kenneth,Stevens,kstevensim@deviantart.com,Male,81.2.79.141,Haguenau,France,268 Florence Place
672,Louise,Russell,lrussellin@woothemes.com,Female,39.153.221.107,Yablonovskiy,Russia,3 Nancy Hill
673,Ryan,Gutierrez,rgutierrezio@dagondesign.com,Male,134.87.189.233,Gadzhiyevo,Russia,56 Mcbride Crossing
674,Randy,Alexander,ralexanderip@huffingtonpost.com,Male,23.142.121.158,Malaga,Spain,73 Charing Cross Crossing
675,Joan,Gordon,jgordoniq@google.com.au,Female,16.112.112.3,Sudogda,Russia,2 Meadow Ridge Point
676,Ashley,Williamson,awilliamsonir@fema.gov,Female,59.93.135.119,Landerneau,France,87 Michigan Alley
677,Roy,Simmons,rsimmonsis@jimdo.com,Male,174.146.130.245,Levallois-Perret,France,4084 Melody Court
678,Doris,Hall,dhallit@eepurl.com,Female,149.38.220.208,Charleville-Mézières,France,43 Bunker Hill Place
679,Adam,Reyes,areyesiu@ustream.tv,Male,250.107.62.23,Kez,Russia,81913 Dovetail Way
680,Mary,Cruz,mcruziv@macromedia.com,Female,16.57.196.245,White City,Canada,66 Havey Alley
681,Tammy,Wagner,twagneriw@gov.uk,Female,139.58.228.242,Vsevolozhsk,Russia,651 7th Park
682,Earl,Oliver,eoliverix@pagesperso-orange.fr,Male,68.17.31.32,Orlando,United States,5 Donald Park
683,Doris,Montgomery,dmontgomeryiy@google.com.br,Female,250.136.1.0,Chiri-Yurt,Russia,886 Tennessee Way
684,Paula,Moore,pmooreiz@sogou.com,Female,94.44.95.159,Montigny-lès-Metz,France,02800 Meadow Valley Lane
685,Richard,Rodriguez,rrodriguezj0@phoca.cz,Male,2.200.208.74,New York City,United States,12048 Shoshone Park
686,Mary,Jenkins,mjenkinsj1@wordpress.com,Female,198.26.173.90,Ust’-Dzheguta,Russia,316 Farragut Lane
687,Debra,Armstrong,darmstrongj2@booking.com,Female,255.118.52.36,Zavitinsk,Russia,81263 Utah Park
688,Jean,Grant,jgrantj3@histats.com,Female,150.214.208.248,Shchigry,Russia,26 Lotheville Way
689,Tina,Ferguson,tfergusonj4@yelp.com,Female,227.205.116.194,Paris La Défense,France,7 Memorial Plaza
690,Anna,Kelly,akellyj5@irs.gov,Female,79.15.17.249,Maykopskoye,Russia,1 Marquette Terrace
691,Sara,Nelson,snelsonj6@merriam-webster.com,Female,153.103.131.240,Skuratovskiy,Russia,9999 Tennessee Hill
692,Joan,White,jwhitej7@etsy.com,Female,111.167.157.23,Stamford,United States,469 Pleasure Court
693,John,Edwards,jedwardsj8@sohu.com,Male,146.188.128.197,Kolpny,Russia,2587 Troy Avenue
694,Jerry,Lynch,jlynchj9@biblegateway.com,Male,177.1.57.81,Grand Bank,Canada,12698 Clove Plaza
695,Jane,Fernandez,jfernandezja@topsy.com,Female,27.124.64.195,Osinniki,Russia,4881 Randy Lane
696,Jennifer,Robinson,jrobinsonjb@youku.com,Female,0.9.226.111,Granville,France,1372 Drewry Trail
697,Deborah,Cox,dcoxjc@cmu.edu,Female,122.232.87.230,Lakha Nëvre,Russia,36068 Dakota Alley
698,Ann,Moore,amoorejd@shop-pro.jp,Female,193.147.186.215,Starobachaty,Russia,7056 Anniversary Junction
699,Diane,Medina,dmedinaje@nps.gov,Female,108.54.226.184,Forestville,Canada,781 Donald Road
700,Ryan,Payne,rpaynejf@adobe.com,Male,68.229.65.171,Beya,Russia,7349 Lerdahl Park
701,Betty,Hicks,bhicksjg@google.fr,Female,0.217.159.10,Salamanca,Spain,91 Forest Run Road
702,Sara,Ramos,sramosjh@nbcnews.com,Female,72.10.19.50,Svobody,Russia,89 Grover Hill
703,Peter,Franklin,pfranklinji@berkeley.edu,Male,169.56.175.233,Nekhayevskiy,Russia,288 Troy Crossing
704,Sandra,Freeman,sfreemanjj@si.edu,Female,71.239.96.25,Mtsensk,Russia,25 American Ash Crossing
705,Victor,Brooks,vbrooksjk@hp.com,Male,62.41.35.208,Dzhebariki-Khaya,Russia,56 Hazelcrest Pass
706,Roy,Baker,rbakerjl@ted.com,Male,97.119.94.225,Leninskoye,Russia,926 Main Terrace
707,Joe,Cruz,jcruzjm@webmd.com,Male,0.187.51.37,Troparëvo,Russia,7990 Northridge Parkway
708,Janet,Rice,jricejn@blogtalkradio.com,Female,113.81.129.234,Caen,France,72021 Canary Lane
709,Daniel,Lee,dleejo@tiny.cc,Male,51.172.48.227,Sharan,Russia,16 Carey Trail
710,Carlos,Carpenter,ccarpenterjp@dropbox.com,Male,214.179.89.89,Le Kremlin-Bicêtre,France,26682 Dwight Hill
711,Anthony,Parker,aparkerjq@i2i.jp,Male,115.75.33.208,Fershampenuaz,Russia,037 Moland Lane
712,Judy,Hunt,jhuntjr@seattletimes.com,Female,84.25.28.179,Novolugovoye,Russia,2178 Summerview Street
713,Frances,Myers,fmyersjs@soup.io,Female,193.106.217.132,Oster,Russia,177 Acker Alley
714,Dorothy,Ford,dfordjt@wired.com,Female,227.12.132.4,Fresno,United States,9465 Longview Hill
715,Jason,Watson,jwatsonju@google.ru,Male,24.176.239.24,Lianozovo,Russia,335 Schurz Way
716,Martin,Ray,mrayjv@blogger.com,Male,157.221.11.218,Alès,France,2274 Swallow Pass
717,Diane,Moreno,dmorenojw@about.me,Female,80.34.68.74,Tabuny,Russia,80 Sloan Place
718,Donald,Riley,drileyjx@imdb.com,Male,220.194.221.169,Lyon,France,70150 Forest Junction
719,Donald,Parker,dparkerjy@slashdot.org,Male,110.20.81.208,Avignon,France,820 Rieder Park
720,Wayne,Austin,waustinjz@vinaora.com,Male,175.18.56.215,Perm,Russia,0318 Northfield Hill
721,Kathryn,Cook,kcookk0@oaic.gov.au,Female,53.205.7.1,Orsay,France,15483 Kropf Street
722,Brandon,Welch,bwelchk1@digg.com,Male,212.152.150.192,Sosnovaya Polyana,Russia,8843 North Way
723,Diane,Crawford,dcrawfordk2@ifeng.com,Female,81.150.191.161,Martyush,Russia,7824 Lakewood Parkway
724,Chris,Cruz,ccruzk3@pbs.org,Male,115.9.44.30,New York City,United States,00 Jackson Way
725,Brandon,Sullivan,bsullivank4@washington.edu,Male,217.102.96.253,Merritt,Canada,54640 Di Loreto Drive
726,Frances,Graham,fgrahamk5@jugem.jp,Female,88.125.48.10,Magrath,Canada,0954 New Castle Center
727,Beverly,Black,bblackk6@amazon.com,Female,6.246.214.140,Chantilly,France,98432 Mcbride Junction
728,Frank,Bryant,fbryantk7@irs.gov,Male,39.198.136.183,Newton,United States,5026 Grim Drive
729,James,Chapman,jchapmank8@shop-pro.jp,Male,143.13.201.98,San Diego,United States,0422 Jay Parkway
730,Steven,Sims,ssimsk9@pagesperso-orange.fr,Male,79.66.80.120,Fakel,Russia,546 Express Parkway
731,Cynthia,Hall,challka@sfgate.com,Female,61.90.183.13,Untolovo,Russia,166 Barby Pass
732,Brenda,Cook,bcookkb@wix.com,Female,226.41.73.25,La Ronge,Canada,9 Vidon Center
733,Ashley,Sullivan,asullivankc@about.com,Female,19.106.101.211,Talnakh,Russia,0 Rieder Park
734,Karen,Cook,kcookkd@howstuffworks.com,Female,162.2.177.30,Vereshchagino,Russia,7 International Lane
735,Diana,Burns,dburnske@photobucket.com,Female,205.13.175.192,Kapotnya,Russia,33095 Luster Alley
736,Kevin,Sims,ksimskf@sitemeter.com,Male,151.122.33.7,Zheleznogorsk,Russia,49037 Daystar Way
737,Fred,Foster,ffosterkg@cdbaby.com,Male,234.77.152.255,Fontenay-sous-Bois,France,40387 Waxwing Way
738,Victor,Fernandez,vfernandezkh@weather.com,Male,36.27.138.224,Köln,Germany,05 Darwin Court
739,Lawrence,Carpenter,lcarpenterki@drupal.org,Male,20.180.80.205,Barrhead,Canada,65 Morningstar Park
740,Nicholas,Hamilton,nhamiltonkj@miitbeian.gov.cn,Male,115.176.77.40,Cosne-Cours-sur-Loire,France,62602 Norway Maple Center
741,Jerry,Torres,jtorreskk@timesonline.co.uk,Male,91.128.227.73,Yasenskaya,Russia,4 Park Meadow Road
742,Betty,Garcia,bgarciakl@phpbb.com,Female,142.253.82.172,Carleton Place,Canada,569 Iowa Place
743,Jennifer,Fields,jfieldskm@miibeian.gov.cn,Female,247.235.51.13,Nikolayevka,Russia,47595 Becker Plaza
744,Frances,Simpson,fsimpsonkn@umich.edu,Female,17.98.176.253,Whittier,United States,8352 Hayes Parkway
745,Kathleen,Berry,kberryko@nature.com,Female,107.99.145.158,Kizel,Russia,56199 Valley Edge Alley
746,Nancy,Richardson,nrichardsonkp@last.fm,Female,153.227.50.201,Marseille,France,464 Sunnyside Road
747,Jesse,Ford,jfordkq@etsy.com,Male,206.42.220.135,Nagornyy,Russia,30460 Orin Parkway
748,Philip,Gutierrez,pgutierrezkr@phoca.cz,Male,103.78.51.109,Toulon,France,7 Annamark Circle
749,Jesse,Freeman,jfreemanks@cornell.edu,Male,0.236.110.43,Orsk,Russia,19 American Road
750,Frank,Mendoza,fmendozakt@amazon.co.jp,Male,239.207.109.63,Trélissac,France,21493 Spohn Park
751,Irene,Woods,iwoodsku@tuttocitta.it,Female,175.80.234.240,Le Mans,France,171 Muir Circle
752,Julie,Scott,jscottkv@posterous.com,Female,252.43.147.215,Krasnorechenskiy,Russia,7911 4th Trail
753,Lillian,Alexander,lalexanderkw@networkadvertising.org,Female,115.183.119.178,Las Vegas,United States,024 Old Gate Court
754,Theresa,Ross,trosskx@blogtalkradio.com,Female,70.199.83.223,Isheyevka,Russia,173 Carpenter Center
755,Henry,Henderson,hhendersonky@hp.com,Male,91.172.20.24,Saint-Gaudens,France,259 Dahle Center
756,Keith,Burton,kburtonkz@slideshare.net,Male,90.251.114.37,Borogontsy,Russia,9431 Rockefeller Way
757,Ruby,Hamilton,rhamiltonl0@howstuffworks.com,Female,42.82.38.249,Barguzin,Russia,917 Delladonna Place
758,Mark,Brown,mbrownl1@barnesandnoble.com,Male,212.156.193.116,Kizel,Russia,3 Center Park
759,Jane,Watkins,jwatkinsl2@typepad.com,Female,163.211.97.7,Saint-Quentin-en-Yvelines,France,3 Old Gate Court
760,Laura,Butler,lbutlerl3@t.co,Female,49.171.127.173,Lions Bay,Canada,1090 Reindahl Court
761,Eric,Lopez,elopezl4@hp.com,Male,168.95.227.242,Tulsa,United States,2 Westport Street
762,Johnny,Lane,jlanel5@feedburner.com,Male,10.234.65.112,New York City,United States,06771 Lakewood Pass
763,Joan,Morrison,jmorrisonl6@quantcast.com,Female,73.158.222.255,Medicine Hat,Canada,44172 Crowley Drive
764,Benjamin,Porter,bporterl7@usnews.com,Male,215.58.120.113,Krasnyy Oktyabr’,Russia,54341 Eastlawn Plaza
765,Amy,Roberts,arobertsl8@marketwatch.com,Female,155.84.41.43,Newark,United States,68715 Golf Course Junction
766,Cynthia,Castillo,ccastillol9@stumbleupon.com,Female,130.3.62.32,Teykovo,Russia,941 Thompson Place
767,Steven,Edwards,sedwardsla@discuz.net,Male,202.62.113.236,Dachnoye,Russia,318 Johnson Lane
768,Roy,Burke,rburkelb@qq.com,Male,204.144.146.237,Orléans,France,98 Comanche Alley
769,Willie,Dixon,wdixonlc@cafepress.com,Male,227.60.22.168,Tsil’na,Russia,41900 Vermont Trail
770,Lois,Martinez,lmartinezld@tumblr.com,Female,131.6.214.229,Madison,United States,7416 Lien Plaza
771,Cynthia,Stevens,cstevensle@ucoz.ru,Female,53.48.237.18,Tarbes,France,05 Farwell Center
772,Timothy,Jackson,tjacksonlf@berkeley.edu,Male,185.126.158.150,Moulins,France,1844 Jenna Center
773,Kelly,Armstrong,karmstronglg@umich.edu,Female,139.189.119.214,Ponoka,Canada,9 Oxford Court
774,Judy,Simpson,jsimpsonlh@biblegateway.com,Female,87.248.128.173,Orekhovo-Zuyevo,Russia,7 Upham Drive
775,Lois,Barnes,lbarnesli@hp.com,Female,124.54.184.179,Annapolis,United States,8862 Grasskamp Circle
776,Donald,Parker,dparkerlj@twitpic.com,Male,244.53.105.176,Avignon,France,52804 Roxbury Junction
777,Christina,Gonzalez,cgonzalezlk@cbsnews.com,Female,26.209.145.81,Shakhty,Russia,674 Cardinal Street
778,Ernest,Mccoy,emccoyll@mit.edu,Male,210.17.57.136,Akron,United States,8 Gerald Way
779,Amy,Berry,aberrylm@bing.com,Female,128.48.56.212,Honolulu,United States,76 Gale Place
780,Lori,Cole,lcoleln@bandcamp.com,Female,21.42.69.19,Sacramento,United States,40 Buena Vista Parkway
781,Gary,White,gwhitelo@bandcamp.com,Male,3.55.92.133,Plérin,France,4432 Pawling Place
782,Virginia,Cruz,vcruzlp@usa.gov,Female,38.215.153.108,Villefranche-sur-Saône,France,64356 Fairfield Park
783,Kathryn,West,kwestlq@webeden.co.uk,Female,92.157.251.153,Lesogorsk,Russia,9 Holy Cross Plaza
784,Martha,Mccoy,mmccoylr@ehow.com,Female,188.206.100.26,Pashkovskiy,Russia,658 Shoshone Drive
785,Anne,Morris,amorrisls@exblog.jp,Female,128.6.10.235,Marseille,France,9377 Sunfield Parkway
786,Jose,Jackson,jjacksonlt@opensource.org,Male,210.61.167.59,Gramoteino,Russia,90 American Ash Park
787,Kathleen,Fields,kfieldslu@cisco.com,Female,147.121.137.218,Raduzhnyy,Russia,18263 Meadow Ridge Center
788,Henry,Mcdonald,hmcdonaldlv@vkontakte.ru,Male,147.192.207.146,Tallahassee,United States,269 Emmet Terrace
789,Nancy,Ramos,nramoslw@hibu.com,Female,177.201.193.252,Kentville,Canada,7934 South Hill
790,Cheryl,Fields,cfieldslx@sphinn.com,Female,33.139.234.186,München,Germany,8601 Anhalt Road
791,Russell,Hanson,rhansonly@cafepress.com,Male,95.170.139.46,Novosineglazovskiy,Russia,266 Anzinger Trail
792,Chris,Mason,cmasonlz@plala.or.jp,Male,159.66.73.148,Atlanta,United States,411 Di Loreto Lane
793,Sarah,Wallace,swallacem0@yahoo.com,Female,179.26.229.209,Novoye Devyatkino,Russia,60999 Linden Avenue
794,Gary,Campbell,gcampbellm1@geocities.jp,Male,31.161.124.184,Hamburg,Germany,79 Golf Course Drive
795,Nancy,Riley,nrileym2@sakura.ne.jp,Female,34.229.203.146,Sovetskaya,Russia,35 Old Shore Lane
796,Shawn,Murray,smurraym3@nba.com,Male,225.207.156.255,Prince Rupert,Canada,8897 Cherokee Park
797,Jason,Berry,jberrym4@goo.gl,Male,134.119.59.29,Sceaux,France,70 Anthes Junction
798,Jack,Palmer,jpalmerm5@tripod.com,Male,44.62.78.186,Petrokamenskoye,Russia,44000 Old Gate Crossing
799,John,Fields,jfieldsm6@slate.com,Male,58.151.119.174,Staraya Stanitsa,Russia,97 Utah Parkway
800,Anne,Jones,ajonesm7@goo.ne.jp,Female,164.165.20.239,Auch,France,131 Maple Point
801,Steven,Rice,sricem8@virginia.edu,Male,132.59.219.175,Yessentuki,Russia,74 Granby Hill
802,Sharon,Miller,smillerm9@macromedia.com,Female,230.66.0.252,Shimorskoye,Russia,037 Maywood Lane
803,James,Walker,jwalkerma@huffingtonpost.com,Male,2.168.244.99,Valuyki,Russia,95 Lakewood Alley
804,Patricia,Flores,pfloresmb@ebay.com,Female,206.24.108.209,Morangis,France,198 Charing Cross Park
805,Michael,White,mwhitemc@alexa.com,Male,95.49.205.197,Lethbridge,Canada,5266 Bartelt Road
806,Howard,Carpenter,hcarpentermd@tumblr.com,Male,229.185.128.57,Olds,Canada,57062 Scofield Court
807,Richard,Evans,revansme@loc.gov,Male,6.187.9.163,Fort Macleod,Canada,30757 Mallory Place
808,Donald,Rice,dricemf@salon.com,Male,18.125.233.239,Znamenka,Russia,9355 Roxbury Crossing
809,Carol,Palmer,cpalmermg@hud.gov,Female,208.7.100.172,Pesochnoye,Russia,27958 Vermont Point
810,Martha,Burns,mburnsmh@phoca.cz,Female,172.85.126.224,Winnipeg,Canada,27968 Grover Drive
811,Norma,Cole,ncolemi@so-net.ne.jp,Female,81.14.254.16,Iqaluit,Canada,78510 Lunder Drive
812,Kimberly,Long,klongmj@upenn.edu,Female,240.216.98.162,Amboise,France,0 Westport Place
813,Katherine,Walker,kwalkermk@cpanel.net,Female,222.201.113.243,Yessentukskaya,Russia,01336 Sunbrook Place
814,Emily,Young,eyoungml@liveinternet.ru,Female,76.20.12.148,Engel’s,Russia,0737 Spohn Place
815,Jimmy,Miller,jmillermm@eepurl.com,Male,130.212.39.13,Tetyushi,Russia,61 Kim Hill
816,Julia,Ramos,jramosmn@360.cn,Female,200.243.204.229,Balakhta,Russia,04272 Crest Line Pass
817,Wayne,Welch,wwelchmo@ocn.ne.jp,Male,115.58.224.136,Ozërsk,Russia,84 Almo Pass
818,Paula,Ellis,pellismp@archive.org,Female,82.15.105.181,Rognedino,Russia,6103 Aberg Center
819,Michael,Phillips,mphillipsmq@kickstarter.com,Male,20.93.230.166,Sparwood,Canada,83022 Petterle Alley
820,Jeffrey,West,jwestmr@imgur.com,Male,49.198.123.27,Chechen-Aul,Russia,1281 Prairie Rose Junction
821,Jean,Reynolds,jreynoldsms@apple.com,Female,41.117.172.31,Austin,United States,7 Melrose Way
822,Dorothy,Stone,dstonemt@reddit.com,Female,198.119.199.12,Kostrovo,Russia,7008 Caliangt Park
823,John,Lopez,jlopezmu@feedburner.com,Male,129.140.197.145,Gjoa Haven,Canada,60 Corry Trail
824,Robert,Palmer,rpalmermv@ucoz.ru,Male,57.0.236.68,Honolulu,United States,21432 Sycamore Park
825,Jack,Griffin,jgriffinmw@wp.com,Male,150.5.78.35,Tallahassee,United States,91 Prairieview Junction
826,Samuel,Parker,sparkermx@addthis.com,Male,77.21.197.63,Sharan,Russia,477 Brown Park
827,Henry,Young,hyoungmy@bandcamp.com,Male,115.155.222.38,Kirovsk,Russia,99792 Little Fleur Center
828,Emily,Woods,ewoodsmz@geocities.com,Female,78.153.141.5,Orange,United States,143 Lukken Avenue
829,Eric,Clark,eclarkn0@sourceforge.net,Male,5.153.75.174,Orléans,France,57 Jackson Circle
830,Kelly,Harper,kharpern1@blinklist.com,Female,124.182.8.22,Saskatoon,Canada,668 Buena Vista Park
831,Bonnie,Hudson,bhudsonn2@posterous.com,Female,222.179.111.157,El Paso,United States,4 Paget Street
832,Roy,Bryant,rbryantn3@pinterest.com,Male,112.158.19.131,Zyablikovo,Russia,87151 Cardinal Junction
833,Lori,Kelley,lkelleyn4@vkontakte.ru,Female,16.99.170.137,Amiens,France,993 Laurel Pass
834,Paula,Reid,preidn5@lycos.com,Female,59.94.196.180,Bokhan,Russia,83128 Homewood Point
835,Howard,Peterson,hpetersonn6@constantcontact.com,Male,155.138.140.201,Los Angeles,United States,10788 Kensington Avenue
836,Doris,Montgomery,dmontgomeryn7@loc.gov,Female,112.111.198.204,Blois,France,7 Farmco Plaza
837,Kelly,Wilson,kwilsonn8@stumbleupon.com,Female,88.15.225.198,Monchegorsk,Russia,6401 Melody Parkway
838,Janet,Lopez,jlopezn9@storify.com,Female,239.94.204.3,Elista,Russia,2 Arizona Center
839,Frances,Sanders,fsandersna@cisco.com,Female,54.238.240.254,Sosnogorsk,Russia,33 Carey Trail
840,Scott,Jacobs,sjacobsnb@pinterest.com,Male,109.18.83.166,Orsk,Russia,64 Fremont Way
841,Alan,Harper,aharpernc@digg.com,Male,133.15.213.13,Misheronskiy,Russia,2 Anzinger Pass
842,Gregory,Olson,golsonnd@blogtalkradio.com,Male,101.122.132.213,Clarence-Rockland,Canada,76287 Miller Avenue
843,Jack,Rogers,jrogersne@ycombinator.com,Male,208.34.5.54,Greensboro,United States,817 Truax Road
844,Judith,Hill,jhillnf@vistaprint.com,Female,45.150.231.227,Saint-Maixent-l'École,France,6918 West Plaza
845,Norma,Phillips,nphillipsng@thetimes.co.uk,Female,154.137.195.99,Rostock,Germany,879 Cherokee Park
846,Gloria,Murphy,gmurphynh@hatena.ne.jp,Female,244.28.65.86,Victoria,Canada,81505 Emmet Court
847,Ruby,Carpenter,rcarpenterni@photobucket.com,Female,183.127.79.255,El Paso,United States,40436 Meadow Ridge Park
848,Joshua,Hicks,jhicksnj@google.fr,Male,7.114.135.65,Marystown,Canada,13642 Oxford Point
849,Joe,Morris,jmorrisnk@usa.gov,Male,194.100.3.254,Semikarakorsk,Russia,43 Wayridge Lane
850,Justin,Mitchell,jmitchellnl@bloglovin.com,Male,100.177.149.119,Starotitarovskaya,Russia,3402 International Circle
851,Donald,Jacobs,djacobsnm@blogtalkradio.com,Male,63.215.15.112,Yelets,Russia,3 Grasskamp Street
852,Jason,Alvarez,jalvareznn@ox.ac.uk,Male,213.124.253.12,Karabash,Russia,5 Bonner Point
853,Mark,Bell,mbellno@buzzfeed.com,Male,205.29.89.228,Roshchino,Russia,6 Farragut Avenue
854,Sharon,Myers,smyersnp@privacy.gov.au,Female,253.195.12.76,Melun,France,38077 Havey Parkway
855,Ruth,Little,rlittlenq@odnoklassniki.ru,Female,159.225.180.128,Bronx,United States,53866 Sutherland Plaza
856,Diane,Ray,draynr@yolasite.com,Female,229.121.74.9,New Glasgow,Canada,02674 Pepper Wood Terrace
857,Joseph,Allen,jallenns@bluehost.com,Male,160.160.45.247,Fort Wayne,United States,92512 Kennedy Trail
858,Brenda,Morris,bmorrisnt@dailymail.co.uk,Female,156.183.207.225,Pokrovskoye-Streshnëvo,Russia,76 Waywood Avenue
859,Randy,Knight,rknightnu@techcrunch.com,Male,39.5.125.242,Pittsburgh,United States,01 Mockingbird Place
860,Jean,Hawkins,jhawkinsnv@bloglovin.com,Female,106.144.186.251,Fermont,Canada,9775 Kipling Plaza
861,Andrea,Hall,ahallnw@163.com,Female,208.192.18.11,Solnechnoye,Russia,01978 Utah Crossing
862,Cheryl,Ryan,cryannx@dion.ne.jp,Female,159.95.53.42,Lille,France,31 Kim Parkway
863,Earl,Carpenter,ecarpenterny@japanpost.jp,Male,147.134.161.157,Gorodishche,Russia,3 Manitowish Junction
864,Larry,Price,lpricenz@xing.com,Male,149.92.164.76,Cincinnati,United States,7 Kinsman Park
865,Julie,Stone,jstoneo0@lulu.com,Female,186.74.179.20,Boulogne-Billancourt,France,501 Riverside Road
866,Gregory,Russell,grussello1@dion.ne.jp,Male,168.159.125.33,Mâcon,France,1 Carioca Avenue
867,Peter,Gutierrez,pgutierrezo2@vkontakte.ru,Male,73.202.202.237,Verkhozim,Russia,943 Sugar Center
868,Brandon,Weaver,bweavero3@hibu.com,Male,68.102.100.160,Zheleznodorozhnyy,Russia,0 Weeping Birch Alley
869,Brian,Morales,bmoraleso4@list-manage.com,Male,166.70.217.45,Lyon,France,77881 Daystar Court
870,Paula,Gonzalez,pgonzalezo5@bluehost.com,Female,134.3.91.160,Paris 07,France,0 Forster Lane
871,Wayne,Williams,wwilliamso6@sbwire.com,Male,30.76.188.54,Wissembourg,France,6285 Evergreen Way
872,Diane,Walker,dwalkero7@smh.com.au,Female,116.103.200.156,White City,Canada,91 Thierer Road
873,Donald,Palmer,dpalmero8@slate.com,Male,123.199.242.164,Saint-Lambert-de-Lauzon,Canada,476 Straubel Crossing
874,Melissa,Cox,mcoxo9@github.io,Female,185.12.60.58,Millau,France,0165 Shasta Center
875,Joshua,Ramirez,jramirezoa@ocn.ne.jp,Male,22.218.238.67,Miasskoye,Russia,12 Dahle Terrace
876,Eric,Matthews,ematthewsob@photobucket.com,Male,171.172.93.191,Dauriya,Russia,37639 Sullivan Point
877,Judy,Torres,jtorresoc@mit.edu,Female,53.91.178.26,Pechenga,Russia,65694 John Wall Alley
878,Charles,Dunn,cdunnod@diigo.com,Male,166.189.224.186,Pervomayskoye,Russia,39618 Springs Crossing
879,Patrick,Reid,preidoe@sitemeter.com,Male,93.156.8.185,Yakutsk,Russia,31434 Lakewood Drive
880,Raymond,Andrews,randrewsof@drupal.org,Male,27.233.211.146,Toronto,Canada,2 Garrison Plaza
881,Anthony,Washington,awashingtonog@unc.edu,Male,106.34.132.223,Sergeyevka,Russia,70410 Veith Road
882,Clarence,Rice,criceoh@dmoz.org,Male,211.188.71.95,Tours,France,5452 Graedel Avenue
883,Douglas,Arnold,darnoldoi@weibo.com,Male,249.91.36.65,Semikarakorsk,Russia,476 Rieder Pass
884,Ruby,Bennett,rbennettoj@drupal.org,Female,203.164.87.7,Shirokovskiy,Russia,8240 Beilfuss Street
885,Patrick,Gordon,pgordonok@alexa.com,Male,107.65.212.77,Shuya,Russia,08 2nd Center
886,Laura,Medina,lmedinaol@sohu.com,Female,74.226.106.41,Kislovodsk,Russia,3964 Parkside Alley
887,Ashley,Carr,acarrom@tiny.cc,Female,148.231.135.229,Jackson,United States,3 Jay Alley
888,Amy,Perry,aperryon@opensource.org,Female,125.40.147.185,Dortmund,Germany,9157 Barby Court
889,Elizabeth,Wallace,ewallaceoo@surveymonkey.com,Female,66.45.88.172,Orsk,Russia,67162 Mccormick Place
890,Jeffrey,Duncan,jduncanop@gmpg.org,Male,131.70.114.6,Dno,Russia,069 Algoma Plaza
891,Janet,Mccoy,jmccoyoq@sun.com,Female,14.33.94.112,Barrie,Canada,4206 Schlimgen Way
892,Eugene,Spencer,espenceror@psu.edu,Male,68.246.128.109,Noginsk,Russia,277 Cordelia Avenue
893,Jack,Torres,jtorresos@acquirethisname.com,Male,251.242.177.209,Kirovgrad,Russia,52455 Quincy Hill
894,Russell,Rogers,rrogersot@a8.net,Male,174.25.226.129,Centralniy,Russia,9 Bunker Hill Hill
895,Jennifer,Scott,jscottou@ow.ly,Female,67.240.220.212,Shreveport,United States,6075 Memorial Avenue
896,Billy,West,bwestov@furl.net,Male,100.11.195.28,Périgny,France,8931 Kim Junction
897,Carolyn,Ferguson,cfergusonow@jugem.jp,Female,27.96.203.253,Spitsevka,Russia,0187 Morning Terrace
898,Patricia,Hansen,phansenox@businesswire.com,Female,43.152.113.164,Las Vegas,United States,94 Shelley Plaza
899,William,Howell,whowelloy@acquirethisname.com,Male,101.189.118.155,Dinskaya,Russia,94432 Hauk Drive
900,Samuel,Franklin,sfranklinoz@japanpost.jp,Male,167.35.196.156,Novosin’kovo,Russia,07 Clemons Parkway
901,Jason,Bailey,jbaileyp0@weibo.com,Male,151.8.156.50,Волочаевское,Russia,022 Lake View Parkway
902,John,Knight,jknightp1@walmart.com,Male,164.11.177.242,Ostankinskiy,Russia,49688 Cherokee Point
903,Beverly,Phillips,bphillipsp2@jimdo.com,Female,128.40.5.124,Charlotte,United States,6 Norway Maple Junction
904,Robert,Bradley,rbradleyp3@digg.com,Male,112.84.169.185,Grande Cache,Canada,687 Forest Center
905,Kenneth,Chavez,kchavezp4@amazon.co.uk,Male,217.171.98.92,Marseille,France,68 Transport Center
906,Bobby,Adams,badamsp5@mapquest.com,Male,192.175.17.31,Beaconsfield,Canada,6123 Stang Lane
907,Joan,Fernandez,jfernandezp6@homestead.com,Female,234.196.205.201,Pushkinskiye Gory,Russia,4 Sage Park
908,Victor,Lawson,vlawsonp7@smh.com.au,Male,81.118.82.139,Washington,United States,77957 Rigney Drive
909,Marilyn,Howell,mhowellp8@chronoengine.com,Female,202.100.126.191,Vyselki,Russia,17386 6th Alley
910,Joe,Schmidt,jschmidtp9@thetimes.co.uk,Male,173.185.28.139,La Ravoire,France,83126 Springview Drive
911,Elizabeth,Rivera,eriverapa@paypal.com,Female,198.48.222.155,Columbus,United States,54 Merchant Avenue
912,Gary,Owens,gowenspb@wix.com,Male,237.225.44.0,Le Havre,France,81466 Welch Place
913,Phyllis,Hayes,phayespc@meetup.com,Female,35.129.235.222,Mâcon,France,9566 Harbort Hill
914,Ashley,Wagner,awagnerpd@indiatimes.com,Female,29.140.10.35,Petrovskaya,Russia,607 Lillian Hill
915,Robin,Ray,rraype@ebay.com,Female,218.14.231.172,Lille,France,4542 Mayer Park
916,Judith,Burns,jburnspf@unblog.fr,Female,138.148.131.74,Jacksonville,United States,2 Arrowood Point
917,Brandon,White,bwhitepg@howstuffworks.com,Male,198.148.193.59,Staryye Atagi,Russia,57 Del Mar Avenue
918,Martin,Washington,mwashingtonph@cnet.com,Male,109.200.19.76,Bordeaux,France,205 Chive Hill
919,Louise,Mendoza,lmendozapi@wikispaces.com,Female,88.107.97.63,Nizhniy Tagil,Russia,2 Melody Center
920,Lawrence,Myers,lmyerspj@comcast.net,Male,91.112.97.238,El Paso,United States,80724 Bonner Street
921,Evelyn,George,egeorgepk@bandcamp.com,Female,61.204.37.103,Irbit,Russia,2 Amoth Trail
922,Virginia,Jordan,vjordanpl@hexun.com,Female,220.69.172.82,Gimry,Russia,14 Jana Alley
923,Nancy,Lewis,nlewispm@harvard.edu,Female,8.52.60.148,Lyaskelya,Russia,069 Crest Line Point
924,Beverly,West,bwestpn@spotify.com,Female,139.242.40.114,Zapolyarnyy,Russia,0 Dryden Trail
925,Joan,Wagner,jwagnerpo@soup.io,Female,175.48.197.73,Suresnes,France,3 Mosinee Terrace
926,Andrea,Martinez,amartinezpp@toplist.cz,Female,193.237.144.125,Severomorsk,Russia,5 Linden Parkway
927,Emily,Frazier,efrazierpq@histats.com,Female,106.221.167.66,Berlin,Germany,432 Atwood Plaza
928,Aaron,Long,alongpr@cyberchimps.com,Male,153.25.118.154,Mulino,Russia,48176 Killdeer Terrace
929,Patrick,Bradley,pbradleyps@drupal.org,Male,89.99.98.41,Hartford,United States,689 Cambridge Lane
930,Steve,Alexander,salexanderpt@barnesandnoble.com,Male,229.174.227.17,Villefontaine,France,35898 Pine View Point
931,Judy,Hernandez,jhernandezpu@seesaa.net,Female,241.71.1.194,Pervomayskaya,Russia,7 Anzinger Alley
932,Johnny,Henderson,jhendersonpv@imgur.com,Male,234.65.108.243,Noisy-le-Grand,France,7250 Beilfuss Drive
933,Melissa,Williams,mwilliamspw@gov.uk,Female,251.154.44.123,Rostokino,Russia,6 Knutson Court
934,Julie,Hughes,jhughespx@behance.net,Female,88.148.242.197,Dole,France,06 Mifflin Way
935,Frances,Morgan,fmorganpy@blogtalkradio.com,Female,90.16.77.196,Budënnovsk,Russia,2 Sunfield Street
936,Stephen,Stevens,sstevenspz@cornell.edu,Male,81.115.109.145,Novocherkassk,Russia,90 Kropf Parkway
937,Willie,Howard,whowardq0@unesco.org,Male,100.169.177.15,Limeil-Brévannes,France,5 Butternut Road
938,Shirley,Watson,swatsonq1@oracle.com,Female,60.161.153.20,Lakeland,United States,103 Rowland Point
939,Mildred,Edwards,medwardsq2@tmall.com,Female,8.113.208.130,Lakha Nëvre,Russia,497 Pawling Alley
940,Jerry,Black,jblackq3@goo.gl,Male,53.240.97.165,Shatura,Russia,5035 Dunning Court
941,Terry,Carpenter,tcarpenterq4@i2i.jp,Male,75.74.213.168,Columbia,United States,4764 Continental Road
942,Jerry,Morris,jmorrisq5@unblog.fr,Male,216.51.99.71,Dallas,United States,3623 Reindahl Circle
943,Rebecca,Lee,rleeq6@instagram.com,Female,43.112.98.170,Tacoma,United States,883 Michigan Way
944,Elizabeth,Kennedy,ekennedyq7@nymag.com,Female,130.17.171.245,Podosinovets,Russia,444 1st Park
945,Bobby,Mendoza,bmendozaq8@sohu.com,Male,48.193.102.55,Mozdok,Russia,40630 Northridge Lane
946,Albert,Parker,aparkerq9@usgs.gov,Male,222.204.177.85,Orléans,France,848 Thompson Street
947,Annie,White,awhiteqa@comsenz.com,Female,118.99.229.184,Schiltigheim,France,18292 Springs Lane
948,Harry,Fernandez,hfernandezqb@hexun.com,Male,142.81.92.112,Washington,United States,7753 Meadow Valley Drive
949,Harold,Sanchez,hsanchezqc@house.gov,Male,100.224.94.7,Staroderevyankovskaya,Russia,7 Sauthoff Drive
950,Judith,Kim,jkimqd@go.com,Female,203.226.137.69,Pasadena,United States,854 Harbort Center
951,Gloria,Kim,gkimqe@usgs.gov,Female,172.199.114.164,Novaya Chigla,Russia,25 Nancy Place
952,Anne,Bell,abellqf@barnesandnoble.com,Female,151.30.219.190,Dem’yanovo,Russia,9 Superior Court
953,Donna,Dean,ddeanqg@chicagotribune.com,Female,20.189.255.148,Lac La Biche,Canada,50048 Warbler Place
954,Andrea,Phillips,aphillipsqh@chron.com,Female,42.243.124.28,Palermo,Italy,41847 Kennedy Park
955,Richard,Martin,rmartinqi@godaddy.com,Male,146.232.251.251,Staropyshminsk,Russia,533 Derek Terrace
956,Kevin,Fisher,kfisherqj@nationalgeographic.com,Male,240.253.225.233,Vancouver,United States,65 Warner Plaza
957,Douglas,Romero,dromeroqk@npr.org,Male,123.242.167.93,La Tuque,Canada,56769 Montana Trail
958,Frances,Cruz,fcruzql@drupal.org,Female,32.59.243.222,Nantes,France,8305 Basil Park
959,Martin,Simmons,msimmonsqm@netlog.com,Male,2.69.129.184,Aix-en-Provence,France,97 Hallows Trail
960,Phyllis,Simmons,psimmonsqn@de.vu,Female,3.215.27.116,Madison,United States,2182 Mendota Court
961,Russell,Dean,rdeanqo@goodreads.com,Male,234.204.221.177,Ourense,Spain,71 8th Drive
962,Andrew,Roberts,arobertsqp@pcworld.com,Male,191.220.247.209,Lomme,France,2 Starling Court
963,Sandra,Miller,smillerqq@house.gov,Female,8.90.200.202,Bakersfield,United States,54 Walton Alley
964,Roy,Burns,rburnsqr@japanpost.jp,Male,58.105.196.221,Greenville,United States,713 Autumn Leaf Terrace
965,Ryan,Smith,rsmithqs@reuters.com,Male,251.61.225.37,Pontevedra,Spain,593 Arapahoe Place
966,Raymond,Palmer,rpalmerqt@eepurl.com,Male,145.184.175.65,Saint-Fargeau-Ponthierry,France,8335 Bowman Point
967,Roy,Lewis,rlewisqu@unicef.org,Male,152.179.94.19,Angers,France,0 Scofield Terrace
968,Louis,Oliver,loliverqv@auda.org.au,Male,231.108.191.196,Lyskovo,Russia,6 Moose Street
969,Christina,Peterson,cpetersonqw@bbc.co.uk,Female,8.235.215.184,Nyandoma,Russia,047 Reindahl Crossing
970,Carolyn,Johnson,cjohnsonqx@dmoz.org,Female,87.199.7.191,Oklahoma City,United States,498 Eagle Crest Place
971,Betty,Harris,bharrisqy@sfgate.com,Female,214.11.56.80,Évreux,France,68160 Petterle Point
972,Marie,Webb,mwebbqz@seesaa.net,Female,20.238.219.24,Vikhorevka,Russia,20963 Dottie Avenue
973,Jesse,Wilson,jwilsonr0@sitemeter.com,Male,75.15.40.225,Baltiysk,Russia,88 Granby Lane
974,Joe,Sullivan,jsullivanr1@printfriendly.com,Male,51.162.167.93,Salerno,Italy,7 Crescent Oaks Pass
975,Irene,Gray,igrayr2@ucoz.ru,Female,186.174.102.84,Pushkino,Russia,41152 Dixon Lane
976,Peter,Mills,pmillsr3@myspace.com,Male,217.61.79.129,Braunschweig,Germany,74101 Rigney Trail
977,Sarah,Graham,sgrahamr4@usnews.com,Female,58.126.172.128,Imeni Babushkina,Russia,014 Dahle Lane
978,Doris,Washington,dwashingtonr5@vistaprint.com,Female,132.127.147.186,Boulogne-Billancourt,France,72045 Hauk Avenue
979,Steve,Cook,scookr6@time.com,Male,5.155.13.158,Sovetskaya,Russia,457 Old Gate Drive
980,Judith,Chapman,jchapmanr7@npr.org,Female,173.219.223.49,Privas,France,505 Loftsgordon Way
981,Chris,Burton,cburtonr8@canalblog.com,Male,158.146.156.26,Saint-Germain-en-Laye,France,1 Fairview Pass
982,Amanda,Bradley,abradleyr9@parallels.com,Female,56.25.243.202,Firovo,Russia,631 Ronald Regan Road
983,Eugene,Brooks,ebrooksra@soup.io,Male,179.210.24.241,Fosses,France,8893 Holy Cross Way
984,Andrea,Banks,abanksrb@youtube.com,Female,177.75.98.62,Nizhniy Kislyay,Russia,80 Arizona Street
985,Kelly,Willis,kwillisrc@i2i.jp,Female,82.181.60.34,Caen,France,96865 Warrior Center
986,Jane,Bradley,jbradleyrd@eepurl.com,Female,21.16.59.16,Nizhniy Lomov,Russia,96 Reinke Trail
987,Jason,Riley,jrileyre@telegraph.co.uk,Male,122.148.239.156,Fort Lauderdale,United States,893 Glacier Hill Pass
988,Ruby,Riley,rrileyrf@360.cn,Female,13.61.30.38,Zhigalovo,Russia,592 Fieldstone Crossing
989,Joshua,Arnold,jarnoldrg@yellowbook.com,Male,201.154.1.204,Istres,France,1 Bluejay Trail
990,Teresa,Mason,tmasonrh@aol.com,Female,198.164.19.211,Pytalovo,Russia,2 Elgar Point
991,Peter,Cunningham,pcunninghamri@constantcontact.com,Male,147.179.28.29,Prochnookopskaya,Russia,083 Scofield Road
992,Anna,Mcdonald,amcdonaldrj@jimdo.com,Female,182.126.160.137,Sibay,Russia,90948 Trailsway Point
993,Jeffrey,Andrews,jandrewsrk@nytimes.com,Male,69.79.73.70,Karata,Russia,3 Gerald Lane
994,Gerald,Medina,gmedinarl@t-online.de,Male,193.84.122.168,Artybash,Russia,1974 Summerview Drive
995,Anthony,Elliott,aelliottrm@ustream.tv,Male,244.174.198.110,Starokucherganovka,Russia,1 Emmet Hill
996,Michelle,Anderson,mandersonrn@adobe.com,Female,36.148.25.42,Yubileyny,Russia,3999 Lakewood Gardens Way
997,Cynthia,James,cjamesro@weebly.com,Female,127.80.179.46,Coquitlam,Canada,854 Southridge Terrace
998,Wanda,Baker,wbakerrp@odnoklassniki.ru,Female,217.221.168.102,Kurchaloy,Russia,3642 Dorton Court
999,Carol,Hansen,chansenrq@independent.co.uk,Female,110.16.156.95,Santa Cruz De Tenerife,Spain,85179 Almo Circle
1000,Martin,Carr,mcarrrr@smh.com.au,Male,166.110.247.61,Le Mans,France,253 Killdeer Circle
